time,open,high,low,close,volume,bid,ask
2018-05-27 00:00:00,1297.48,1299.39,1296.824,1298.759,1570.0,1298.759,1298.759
2018-05-28 00:00:00,1298.765,1300.253,1295.472,1298.025,51921.0,1298.025,1298.025
2018-05-29 00:00:00,1298.024,1306.474,1291.871,1302.115,92861.0,1302.115,1302.115
2018-05-30 00:00:00,1302.092,1304.208,1295.848,1302.516,85388.0,1302.516,1302.516
2018-05-31 00:00:00,1302.48,1306.399,1296.941,1299.39,82221.0,1299.39,1299.39
2018-06-01 00:00:00,1299.377,1300.539,1289.318,1292.928,72628.0,1292.928,1292.928
2018-06-03 00:00:00,1293.33,1294.461,1292.448,1292.71,1748.0,1292.71,1292.71
2018-06-04 00:00:00,1292.67,1297.981,1290.13,1291.514,69570.0,1291.514,1291.514
2018-06-05 00:00:00,1291.503,1300.466,1289.85,1296.876,68476.0,1296.876,1296.876
2018-06-06 00:00:00,1296.886,1301.728,1293.756,1297.281,69115.0,1297.281,1297.281
2018-06-07 00:00:00,1297.275,1303.054,1294.868,1297.222,73063.0,1297.222,1297.222
2018-06-08 00:00:00,1297.188,1300.48,1291.59,1298.456,67573.0,1298.456,1298.456
2018-06-10 00:00:00,1298.637,1299.717,1298.619,1299.122,1431.0,1299.122,1299.122
2018-06-11 00:00:00,1299.062,1302.118,1294.092,1298.146,64452.0,1298.146,1298.146
2018-06-12 00:00:00,1298.113,1299.736,1292.314,1295.435,71494.0,1295.435,1295.435
2018-06-13 00:00:00,1295.426,1301.124,1291.572,1299.33,66863.0,1299.33,1299.33
2018-06-14 00:00:00,1299.358,1309.231,1297.507,1302.365,76056.0,1302.365,1302.365
2018-06-15 00:00:00,1302.352,1302.979,1275.39,1279.602,81746.0,1279.602,1279.602
2018-06-17 00:00:00,1279.739,1281.192,1279.299,1280.925,1919.0,1280.925,1280.925
2018-06-18 00:00:00,1280.93,1282.351,1277.006,1281.281,66262.0,1281.281,1281.281
2018-06-19 00:00:00,1281.261,1284.015,1270.4,1274.982,78698.0,1274.982,1274.982
2018-06-20 00:00:00,1274.979,1276.32,1267.44,1269.389,76001.0,1269.389,1269.389
2018-06-21 00:00:00,1269.399,1270.059,1261.332,1267.292,76540.0,1267.292,1267.292
2018-06-22 00:00:00,1267.296,1271.008,1266.718,1269.088,65202.0,1269.088,1269.088
2018-06-24 00:00:00,1271.095,1271.624,1270.871,1270.932,1414.0,1270.932,1270.932
2018-06-25 00:00:00,1270.932,1272.531,1264.363,1265.978,75762.0,1265.978,1265.978
2018-06-26 00:00:00,1265.962,1267.653,1254.748,1258.143,77825.0,1258.143,1258.143
2018-06-27 00:00:00,1258.141,1259.989,1250.746,1252.881,84669.0,1252.881,1252.881
2018-06-28 00:00:00,1252.884,1254.229,1245.91,1248.581,81313.0,1248.581,1248.581
2018-06-29 00:00:00,1248.551,1255.573,1245.978,1252.533,79160.0,1252.533,1252.533
2018-07-01 00:00:00,1253.02,1254.149,1252.785,1253.365,4404.0,1253.365,1253.365
2018-07-02 00:00:00,1253.329,1253.576,1239.648,1242.103,75367.0,1242.103,1242.103
2018-07-03 00:00:00,1242.105,1256.819,1237.914,1254.923,76943.0,1254.923,1254.923
2018-07-04 00:00:00,1254.923,1261.034,1253.985,1256.914,59939.0,1256.914,1256.914
2018-07-05 00:00:00,1256.908,1259.69,1251.262,1257.276,79228.0,1257.276,1257.276
2018-07-06 00:00:00,1257.317,1258.7,1252.776,1254.736,70201.0,1254.736,1254.736
2018-07-08 00:00:00,1255.83,1256.555,1255.637,1256.397,2310.0,1256.397,1256.397
2018-07-09 00:00:00,1256.377,1265.847,1255.423,1258.36,69082.0,1258.36,1258.36
2018-07-10 00:00:00,1258.35,1260.294,1247.33,1255.913,75041.0,1255.913,1255.913
2018-07-11 00:00:00,1255.912,1256.024,1241.507,1242.673,82708.0,1242.673,1242.673
2018-07-12 00:00:00,1242.671,1248.51,1241.29,1245.993,72577.0,1245.993,1245.993
2018-07-13 00:00:00,1245.942,1248.029,1236.388,1241.512,71700.0,1241.512,1241.512
2018-07-15 00:00:00,1241.63,1242.103,1241.064,1241.118,2616.0,1241.118,1241.118
2018-07-16 00:00:00,1241.118,1245.518,1238.302,1240.685,63113.0,1240.685,1240.685
2018-07-17 00:00:00,1240.688,1244.927,1226.064,1227.119,74918.0,1227.119,1227.119
2018-07-18 00:00:00,1227.168,1229.081,1221.047,1227.335,71135.0,1227.335,1227.335
2018-07-19 00:00:00,1227.334,1228.95,1211.435,1223.425,83248.0,1223.425,1223.425
2018-07-20 00:00:00,1223.439,1232.205,1215.673,1231.498,82784.0,1231.498,1231.498
2018-07-22 00:00:00,1231.819,1233.267,1231.5,1232.849,5506.0,1232.849,1232.849
2018-07-23 00:00:00,1232.845,1235.039,1222.211,1224.211,75551.0,1224.211,1224.211
2018-07-24 00:00:00,1224.211,1229.421,1218.045,1225.12,76108.0,1225.12,1225.12
2018-07-25 00:00:00,1225.151,1234.107,1223.213,1233.042,79080.0,1233.042,1233.042
2018-07-26 00:00:00,1233.06,1235.133,1222.31,1224.085,78515.0,1224.085,1224.085
2018-07-27 00:00:00,1224.066,1227.256,1217.538,1222.619,68370.0,1222.619,1222.619
2018-07-29 00:00:00,1223.091,1223.572,1222.006,1222.439,2713.0,1222.439,1222.439
2018-07-30 00:00:00,1222.455,1225.028,1219.0,1222.479,59635.0,1222.479,1222.479
2018-07-31 00:00:00,1222.503,1228.45,1214.003,1223.896,74550.0,1223.896,1223.896
2018-08-01 00:00:00,1223.9,1224.683,1215.741,1217.771,70944.0,1217.771,1217.771
2018-08-02 00:00:00,1217.796,1221.032,1207.015,1208.352,73887.0,1208.352,1208.352
2018-08-03 00:00:00,1208.351,1219.955,1204.451,1213.262,67725.0,1213.262,1213.262
2018-08-05 00:00:00,1213.69,1215.044,1213.516,1214.79,3088.0,1214.79,1214.79
2018-08-06 00:00:00,1214.789,1217.817,1205.895,1208.687,67281.0,1208.687,1208.687
2018-08-07 00:00:00,1208.691,1216.098,1207.771,1212.388,63870.0,1212.388,1212.388
2018-08-08 00:00:00,1212.391,1215.755,1206.202,1213.255,65621.0,1213.255,1213.255
2018-08-09 00:00:00,1213.266,1217.244,1210.744,1212.093,66880.0,1212.093,1212.093
2018-08-10 00:00:00,1212.077,1217.055,1205.726,1211.004,78903.0,1211.004,1211.004
2018-08-12 00:00:00,1212.46,1213.801,1211.927,1212.318,4278.0,1212.318,1212.318
2018-08-13 00:00:00,1212.291,1212.562,1191.497,1192.799,85309.0,1192.799,1192.799
2018-08-14 00:00:00,1192.767,1198.65,1192.057,1193.887,71931.0,1193.887,1193.887
2018-08-15 00:00:00,1193.888,1194.128,1173.089,1173.75,83753.0,1173.75,1173.75
2018-08-16 00:00:00,1173.75,1181.96,1160.182,1175.328,85975.0,1175.328,1175.328
2018-08-17 00:00:00,1175.324,1184.952,1171.9,1184.73,75507.0,1184.73,1184.73
2018-08-19 00:00:00,1183.23,1183.792,1182.915,1183.535,3336.0,1183.535,1183.535
2018-08-20 00:00:00,1183.519,1191.251,1182.868,1191.173,68372.0,1191.173,1191.173
2018-08-21 00:00:00,1191.174,1196.942,1187.643,1195.951,75486.0,1195.951,1195.951
2018-08-22 00:00:00,1195.993,1201.544,1192.58,1195.066,71897.0,1195.066,1195.066
2018-08-23 00:00:00,1195.049,1195.44,1183.861,1184.487,75375.0,1184.487,1184.487
2018-08-24 00:00:00,1184.489,1208.517,1183.097,1205.638,72855.0,1205.638,1205.638
2018-08-26 00:00:00,1206.47,1207.867,1206.054,1207.786,4549.0,1207.786,1207.786
2018-08-27 00:00:00,1207.746,1212.319,1203.205,1211.015,55572.0,1211.015,1211.015
2018-08-28 00:00:00,1211.007,1214.24,1199.616,1202.634,74779.0,1202.634,1202.634
2018-08-29 00:00:00,1202.634,1207.793,1201.376,1207.132,72380.0,1207.132,1207.132
2018-08-30 00:00:00,1207.153,1207.216,1196.244,1199.87,75936.0,1199.87,1199.87
2018-08-31 00:00:00,1199.865,1208.789,1198.273,1200.848,77393.0,1200.848,1200.848
2018-09-02 00:00:00,1199.64,1200.007,1198.719,1199.095,3330.0,1199.095,1199.095
2018-09-03 00:00:00,1199.094,1203.818,1195.522,1200.751,47175.0,1200.751,1200.751
2018-09-04 00:00:00,1200.745,1201.964,1189.626,1191.991,76939.0,1191.991,1191.991
2018-09-05 00:00:00,1191.99,1198.332,1190.904,1197.074,70719.0,1197.074,1197.074
2018-09-06 00:00:00,1197.082,1206.918,1195.68,1201.112,76268.0,1201.112,1201.112
2018-09-07 00:00:00,1201.116,1203.478,1193.405,1195.623,76285.0,1195.623,1195.623
2018-09-09 00:00:00,1195.01,1196.234,1194.902,1196.117,3279.0,1196.117,1196.117
2018-09-10 00:00:00,1196.089,1198.421,1191.524,1195.008,67383.0,1195.008,1195.008
2018-09-11 00:00:00,1195.011,1199.343,1187.715,1197.004,67654.0,1197.004,1197.004
2018-09-12 00:00:00,1197.005,1208.441,1192.586,1206.205,75577.0,1206.205,1206.205
2018-09-13 00:00:00,1206.2,1212.615,1200.116,1202.073,75522.0,1202.073,1202.073
2018-09-14 00:00:00,1202.074,1208.504,1192.897,1193.235,69848.0,1193.235,1193.235
2018-09-16 00:00:00,1194.16,1194.368,1193.014,1193.366,3322.0,1193.366,1193.366
2018-09-17 00:00:00,1193.364,1204.765,1192.773,1198.369,72802.0,1198.369,1198.369
2018-09-18 00:00:00,1198.371,1203.473,1195.844,1199.503,75974.0,1199.503,1199.503
2018-09-19 00:00:00,1199.496,1206.147,1198.211,1203.945,71491.0,1203.945,1203.945
2018-09-20 00:00:00,1203.942,1208.365,1201.037,1207.354,73370.0,1207.354,1207.354
2018-09-21 00:00:00,1207.365,1211.006,1191.846,1199.512,75198.0,1199.512,1199.512
2018-09-23 00:00:00,1197.68,1198.44,1197.033,1197.935,2944.0,1197.935,1197.935
2018-09-24 00:00:00,1197.932,1204.111,1194.391,1199.281,66963.0,1199.281,1199.281
2018-09-25 00:00:00,1199.307,1203.269,1197.039,1201.191,66699.0,1201.191,1201.191
2018-09-26 00:00:00,1201.194,1202.393,1190.49,1196.461,74076.0,1196.461,1196.461
2018-09-27 00:00:00,1196.408,1198.555,1181.877,1183.541,76433.0,1183.541,1183.541
2018-09-28 00:00:00,1183.53,1193.699,1180.744,1191.768,72587.0,1191.768,1191.768
2018-09-30 00:00:00,1191.41,1192.131,1190.673,1190.872,3825.0,1190.872,1190.872
2018-10-01 00:00:00,1190.877,1192.04,1184.552,1188.994,71690.0,1188.994,1188.994
2018-10-02 00:00:00,1189.013,1208.16,1188.721,1205.487,80538.0,1205.487,1205.487
2018-10-03 00:00:00,1205.491,1208.216,1196.457,1197.928,79670.0,1197.928,1197.928
2018-10-04 00:00:00,1197.93,1206.649,1195.979,1199.055,80859.0,1199.055,1199.055
2018-10-05 00:00:00,1199.048,1205.713,1197.22,1202.678,72844.0,1202.678,1202.678
2018-10-07 00:00:00,1203.12,1203.97,1202.859,1203.755,3182.0,1203.755,1203.755
2018-10-08 00:00:00,1203.753,1204.04,1182.418,1190.65,74773.0,1190.65,1190.65
2018-10-09 00:00:00,1190.672,1191.805,1183.311,1189.84,76690.0,1189.84,1189.84
2018-10-10 00:00:00,1189.827,1194.775,1185.282,1193.88,78062.0,1193.88,1193.88
2018-10-11 00:00:00,1193.905,1226.272,1191.24,1221.251,96895.0,1221.251,1221.251
2018-10-12 00:00:00,1221.266,1223.444,1215.814,1217.801,56398.0,1217.801,1217.801
2018-10-14 00:00:00,1218.857,1220.249,1218.857,1219.204,2702.0,1219.204,1219.204
2018-10-15 00:00:00,1219.203,1233.204,1219.203,1226.768,55290.0,1226.768,1226.768
2018-10-16 00:00:00,1226.77,1232.331,1223.343,1224.911,53841.0,1224.911,1224.911
2018-10-17 00:00:00,1224.911,1229.433,1220.597,1222.194,57936.0,1222.194,1222.194
2018-10-18 00:00:00,1222.195,1230.053,1218.669,1225.835,59274.0,1225.835,1225.835
2018-10-19 00:00:00,1225.834,1230.727,1223.113,1226.292,54756.0,1226.292,1226.292
2018-10-21 00:00:00,1228.066,1228.122,1226.754,1227.274,4571.0,1227.274,1227.274
2018-10-22 00:00:00,1227.297,1229.485,1220.088,1222.323,51754.0,1222.323,1222.323
2018-10-23 00:00:00,1222.321,1239.675,1221.89,1230.884,57730.0,1230.884,1230.884
2018-10-24 00:00:00,1230.866,1235.205,1225.607,1235.166,59119.0,1235.166,1235.166
2018-10-25 00:00:00,1235.207,1239.116,1228.072,1231.772,60178.0,1231.772,1231.772
2018-10-26 00:00:00,1231.742,1243.354,1230.045,1233.594,66020.0,1233.594,1233.594
2018-10-28 00:00:00,1233.097,1233.928,1232.671,1232.738,4428.0,1232.738,1232.738
2018-10-29 00:00:00,1232.757,1235.328,1224.317,1230.052,71621.0,1230.052,1230.052
2018-10-30 00:00:00,1230.065,1230.548,1219.892,1222.556,62889.0,1222.556,1222.556
2018-10-31 00:00:00,1222.56,1222.812,1211.958,1216.016,60780.0,1216.016,1216.016
2018-11-01 00:00:00,1216.016,1237.33,1215.883,1232.947,64135.0,1232.947,1232.947
2018-11-02 00:00:00,1232.959,1236.396,1229.748,1232.876,65481.0,1232.876,1232.876
2018-11-04 00:00:00,1233.117,1234.183,1233.117,1234.042,2919.0,1234.042,1234.042
2018-11-05 00:00:00,1234.076,1235.088,1226.875,1231.021,56561.0,1231.021,1231.021
2018-11-06 00:00:00,1231.026,1235.855,1223.466,1227.877,55311.0,1227.877,1227.877
2018-11-07 00:00:00,1227.878,1236.346,1222.912,1226.04,66695.0,1226.04,1226.04
2018-11-08 00:00:00,1226.03,1226.861,1220.112,1223.048,60967.0,1223.048,1223.048
2018-11-09 00:00:00,1223.047,1223.248,1206.739,1209.584,59529.0,1209.584,1209.584
2018-11-11 00:00:00,1209.544,1210.727,1209.217,1210.726,2920.0,1210.726,1210.726
2018-11-12 00:00:00,1210.723,1211.388,1200.085,1202.29,54901.0,1202.29,1202.29
2018-11-13 00:00:00,1202.296,1205.123,1196.294,1203.024,60926.0,1203.024,1203.024
2018-11-14 00:00:00,1203.022,1216.282,1197.669,1210.97,65356.0,1210.97,1210.97
2018-11-15 00:00:00,1210.959,1216.339,1207.648,1213.946,65255.0,1213.946,1213.946
2018-11-16 00:00:00,1213.961,1225.238,1213.826,1221.559,58274.0,1221.559,1221.559
2018-11-18 00:00:00,1221.955,1222.686,1221.555,1222.522,2749.0,1222.522,1222.522
2018-11-19 00:00:00,1222.523,1225.16,1218.009,1224.101,56687.0,1224.101,1224.101
2018-11-20 00:00:00,1224.1,1228.706,1219.922,1221.625,60471.0,1221.625,1221.625
2018-11-21 00:00:00,1221.627,1230.015,1219.783,1225.745,54353.0,1225.745,1225.745
2018-11-22 00:00:00,1225.748,1229.014,1224.873,1227.373,36160.0,1227.373,1227.373
2018-11-23 00:00:00,1227.372,1228.48,1220.299,1222.983,41975.0,1222.983,1222.983
2018-11-25 00:00:00,1223.581,1224.339,1223.283,1224.3,2913.0,1224.3,1224.3
2018-11-26 00:00:00,1224.301,1227.983,1221.685,1222.612,50919.0,1222.612,1222.612
2018-11-27 00:00:00,1222.626,1225.205,1211.898,1214.449,53272.0,1214.449,1214.449
2018-11-28 00:00:00,1214.449,1226.609,1211.169,1221.009,55028.0,1221.009,1221.009
2018-11-29 00:00:00,1221.008,1228.931,1220.668,1224.258,57062.0,1224.258,1224.258
2018-11-30 00:00:00,1224.262,1225.493,1216.663,1222.016,50161.0,1222.016,1222.016
2018-12-02 00:00:00,1223.023,1223.174,1221.97,1222.05,3261.0,1222.05,1222.05
2018-12-03 00:00:00,1222.058,1234.883,1221.28,1231.169,58330.0,1231.169,1231.169
2018-12-04 00:00:00,1231.176,1241.896,1230.498,1238.768,61145.0,1238.768,1238.768
2018-12-05 00:00:00,1238.722,1238.987,1233.326,1238.256,44104.0,1238.256,1238.256
2018-12-06 00:00:00,1238.251,1244.259,1234.732,1237.38,63674.0,1237.38,1237.38
2018-12-07 00:00:00,1237.366,1249.978,1237.29,1248.211,57352.0,1248.211,1248.211
2018-12-09 00:00:00,1250.26,1250.477,1248.844,1248.988,3598.0,1248.988,1248.988
2018-12-10 00:00:00,1248.988,1250.265,1241.6,1244.106,58091.0,1244.106,1244.106
2018-12-11 00:00:00,1244.11,1249.461,1241.008,1243.09,56509.0,1243.09,1243.09
2018-12-12 00:00:00,1243.089,1247.163,1241.987,1246.085,55675.0,1246.085,1246.085
2018-12-13 00:00:00,1246.086,1246.679,1240.099,1242.442,54043.0,1242.442,1242.442
2018-12-14 00:00:00,1242.445,1242.975,1232.889,1238.244,52015.0,1238.244,1238.244
2018-12-16 00:00:00,1237.299,1237.913,1236.962,1237.071,2385.0,1237.071,1237.071
2018-12-17 00:00:00,1237.075,1248.032,1235.793,1245.848,51607.0,1245.848,1245.848
2018-12-18 00:00:00,1245.848,1250.309,1245.033,1249.468,53870.0,1249.468,1249.468
2018-12-19 00:00:00,1249.474,1257.967,1241.503,1244.137,62019.0,1244.137,1244.137
2018-12-20 00:00:00,1244.113,1266.419,1242.739,1261.947,68973.0,1261.947,1261.947
2018-12-21 00:00:00,1261.961,1262.697,1253.951,1255.655,59029.0,1255.655,1255.655
2018-12-23 00:00:00,1258.6,1259.027,1257.98,1258.858,3130.0,1258.858,1258.858
2018-12-24 00:00:00,1258.847,1269.488,1258.768,1268.232,46075.0,1268.232,1268.232
2018-12-26 00:00:00,1273.74,1278.99,1264.572,1269.12,124093.0,1269.12,1269.12
2018-12-27 00:00:00,1269.123,1278.876,1266.638,1274.689,65920.0,1274.689,1274.689
2018-12-28 00:00:00,1274.668,1282.053,1274.251,1280.724,59272.0,1280.724,1280.724
2018-12-30 00:00:00,1280.074,1280.074,1278.913,1279.756,2687.0,1279.756,1279.756
2018-12-31 00:00:00,1279.756,1284.009,1277.432,1282.507,46010.0,1282.507,1282.507
2019-01-02 00:00:00,1281.143,1290.153,1278.603,1285.846,60195.0,1285.846,1285.846
2019-01-03 00:00:00,1285.835,1295.181,1284.588,1295.159,67129.0,1295.159,1295.159
2019-01-04 00:00:00,1295.157,1298.467,1276.643,1284.718,65550.0,1284.718,1284.718
2019-01-06 00:00:00,1285.549,1285.938,1284.114,1284.203,3253.0,1284.203,1284.203
2019-01-07 00:00:00,1284.201,1295.0,1282.631,1288.844,59536.0,1288.844,1288.844
2019-01-08 00:00:00,1288.845,1290.159,1279.375,1285.131,58849.0,1285.131,1285.131
2019-01-09 00:00:00,1285.13,1293.82,1280.111,1292.864,61732.0,1292.864,1292.864
2019-01-10 00:00:00,1292.873,1297.004,1286.093,1287.914,60141.0,1287.914,1287.914
2019-01-11 00:00:00,1287.925,1295.105,1286.982,1287.468,55036.0,1287.468,1287.468
2019-01-13 00:00:00,1288.078,1288.572,1287.884,1288.107,2769.0,1288.107,1288.107
2019-01-14 00:00:00,1288.102,1295.802,1287.934,1291.468,55337.0,1291.468,1291.468
2019-01-15 00:00:00,1291.471,1294.617,1286.724,1289.585,59561.0,1289.585,1289.585
2019-01-16 00:00:00,1289.586,1294.911,1287.899,1292.943,55501.0,1292.943,1292.943
2019-01-17 00:00:00,1292.943,1295.299,1288.779,1292.281,56047.0,1292.281,1292.281
2019-01-18 00:00:00,1292.283,1292.398,1280.615,1281.482,53929.0,1281.482,1281.482
2019-01-20 00:00:00,1282.538,1283.237,1282.464,1282.578,2624.0,1282.578,1282.578
2019-01-21 00:00:00,1282.587,1283.519,1276.77,1279.645,37332.0,1279.645,1279.645
2019-01-22 00:00:00,1279.649,1285.441,1277.405,1284.553,53101.0,1284.553,1284.553
2019-01-23 00:00:00,1284.559,1286.46,1278.67,1283.727,52297.0,1283.727,1283.727
2019-01-24 00:00:00,1283.723,1284.749,1276.792,1281.339,54623.0,1281.339,1281.339
2019-01-25 00:00:00,1281.338,1303.585,1279.946,1303.105,54425.0,1303.105,1303.105
2019-01-27 00:00:00,1302.403,1302.517,1299.918,1300.004,3121.0,1300.004,1300.004
2019-01-28 00:00:00,1300.002,1304.369,1297.679,1303.816,52473.0,1303.816,1303.816
2019-01-29 00:00:00,1303.823,1311.923,1302.677,1310.694,53551.0,1310.694,1310.694
2019-01-30 00:00:00,1310.7,1323.308,1309.012,1319.211,58029.0,1319.211,1319.211
2019-01-31 00:00:00,1319.211,1326.176,1317.425,1321.024,57271.0,1321.024,1321.024
2019-02-01 00:00:00,1321.026,1323.471,1316.102,1317.652,53919.0,1317.652,1317.652
2019-02-03 00:00:00,1317.638,1317.886,1316.529,1317.116,2708.0,1317.116,1317.116
2019-02-04 00:00:00,1317.133,1317.485,1308.627,1311.736,51850.0,1311.736,1311.736
2019-02-05 00:00:00,1311.737,1316.817,1310.721,1314.953,50701.0,1314.953,1314.953
2019-02-06 00:00:00,1314.948,1315.779,1305.718,1306.605,51436.0,1306.605,1306.605
2019-02-07 00:00:00,1306.596,1311.889,1302.797,1310.419,54701.0,1310.419,1310.419
2019-02-08 00:00:00,1310.427,1315.583,1307.77,1313.957,49509.0,1313.957,1313.957
2019-02-10 00:00:00,1313.52,1313.932,1313.372,1313.651,2436.0,1313.651,1313.651
2019-02-11 00:00:00,1313.637,1314.82,1303.694,1307.749,51997.0,1307.749,1307.749
2019-02-12 00:00:00,1307.748,1314.713,1306.502,1310.253,52814.0,1310.253,1310.253
2019-02-13 00:00:00,1310.25,1318.083,1305.036,1307.607,55255.0,1307.607,1307.607
2019-02-14 00:00:00,1307.612,1314.308,1302.365,1311.89,57632.0,1311.89,1311.89
2019-02-15 00:00:00,1311.891,1322.507,1311.365,1321.083,51942.0,1321.083,1321.083
2019-02-17 00:00:00,1320.975,1321.303,1320.583,1321.084,2972.0,1321.084,1321.084
2019-02-18 00:00:00,1321.101,1327.572,1320.844,1326.386,37424.0,1326.386,1326.386
2019-02-19 00:00:00,1326.386,1341.724,1322.82,1339.516,54530.0,1339.516,1339.516
2019-02-20 00:00:00,1339.516,1346.657,1336.863,1340.575,59232.0,1340.575,1340.575
2019-02-21 00:00:00,1340.573,1341.444,1320.91,1325.818,62332.0,1325.818,1325.818
2019-02-22 00:00:00,1325.818,1333.047,1321.512,1327.794,54698.0,1327.794,1327.794
2019-02-24 00:00:00,1327.607,1328.511,1327.511,1327.71,2746.0,1327.71,1327.71
2019-02-25 00:00:00,1327.717,1332.513,1325.132,1327.498,55306.0,1327.498,1327.498
2019-02-26 00:00:00,1327.502,1330.145,1323.487,1329.22,54852.0,1329.22,1329.22
2019-02-27 00:00:00,1329.212,1329.852,1316.911,1321.107,52795.0,1321.107,1321.107
2019-02-28 00:00:00,1321.086,1327.241,1312.565,1314.18,57159.0,1314.18,1314.18
2019-03-01 00:00:00,1314.18,1315.118,1290.161,1293.279,58635.0,1293.279,1293.279
2019-03-03 00:00:00,1295.386,1296.153,1295.016,1295.19,3447.0,1295.19,1295.19
2019-03-04 00:00:00,1295.206,1297.002,1282.833,1287.066,57075.0,1287.066,1287.066
2019-03-05 00:00:00,1287.065,1289.509,1281.209,1287.907,55833.0,1287.907,1287.907
2019-03-06 00:00:00,1287.909,1290.858,1283.601,1287.071,55293.0,1287.071,1287.071
2019-03-07 00:00:00,1287.096,1288.961,1280.832,1285.953,55667.0,1285.953,1285.953
2019-03-08 00:00:00,1285.971,1300.681,1285.198,1298.274,58795.0,1298.274,1298.274
2019-03-10 00:00:00,1296.869,1297.359,1296.613,1297.21,2639.0,1297.21,1297.21
2019-03-11 00:00:00,1297.214,1299.054,1290.453,1292.538,48100.0,1292.538,1292.538
2019-03-12 00:00:00,1292.576,1302.114,1292.422,1301.879,50404.0,1301.879,1301.879
2019-03-13 00:00:00,1301.908,1311.195,1301.674,1309.352,49645.0,1309.352,1309.352
2019-03-14 00:00:00,1309.353,1309.757,1292.842,1296.08,52470.0,1296.08,1296.08
2019-03-15 00:00:00,1296.081,1306.327,1293.963,1302.208,49179.0,1302.208,1302.208
2019-03-17 00:00:00,1302.109,1302.301,1300.568,1300.579,4764.0,1300.579,1300.579
2019-03-18 00:00:00,1300.586,1306.64,1298.185,1303.442,47914.0,1303.442,1303.442
2019-03-19 00:00:00,1303.445,1310.827,1303.414,1306.199,48476.0,1306.199,1306.199
2019-03-20 00:00:00,1306.189,1316.902,1298.671,1315.391,56333.0,1315.391,1315.391
2019-03-21 00:00:00,1315.392,1320.305,1303.262,1308.571,55424.0,1308.571,1308.571
2019-03-22 00:00:00,1308.575,1314.894,1306.82,1313.223,53581.0,1313.223,1313.223
2019-03-24 00:00:00,1313.47,1313.771,1311.644,1311.644,4923.0,1311.644,1311.644
2019-03-25 00:00:00,1311.608,1324.425,1310.994,1321.287,52107.0,1321.287,1321.287
2019-03-26 00:00:00,1321.3,1322.142,1312.681,1316.399,53373.0,1316.399,1316.399
2019-03-27 00:00:00,1316.408,1319.235,1308.129,1309.363,56269.0,1309.363,1309.363
2019-03-28 00:00:00,1309.36,1312.26,1288.539,1291.52,55807.0,1291.52,1291.52
2019-03-29 00:00:00,1291.526,1299.724,1286.575,1292.057,52863.0,1292.057,1292.057
2019-03-31 00:00:00,1292.237,1293.188,1291.446,1291.714,5394.0,1291.714,1291.714
2019-04-01 00:00:00,1291.725,1296.942,1286.498,1287.363,53127.0,1287.363,1287.363
2019-04-02 00:00:00,1287.366,1292.826,1285.247,1291.736,49161.0,1291.736,1291.736
2019-04-03 00:00:00,1291.734,1294.476,1288.39,1291.814,48576.0,1291.814,1291.814
2019-04-04 00:00:00,1291.813,1294.318,1280.894,1292.117,49369.0,1292.117,1292.117
2019-04-05 00:00:00,1292.125,1293.106,1284.39,1291.374,46681.0,1291.374,1291.374
2019-04-07 00:00:00,1292.246,1293.615,1291.401,1291.755,4602.0,1291.755,1291.755
2019-04-08 00:00:00,1291.725,1303.639,1291.659,1297.977,45640.0,1297.977,1297.977
2019-04-09 00:00:00,1297.973,1306.112,1296.566,1304.616,47301.0,1304.616,1304.616
2019-04-10 00:00:00,1304.609,1310.529,1300.937,1308.043,49247.0,1308.043,1308.043
2019-04-11 00:00:00,1308.044,1308.315,1289.673,1292.195,50991.0,1292.195,1292.195
2019-04-12 00:00:00,1292.165,1295.691,1290.021,1290.433,46020.0,1290.433,1290.433
2019-04-14 00:00:00,1291.299,1291.907,1289.32,1289.732,5006.0,1289.732,1289.732
2019-04-15 00:00:00,1289.732,1290.324,1282.493,1288.357,48413.0,1288.357,1288.357
2019-04-16 00:00:00,1288.355,1288.36,1272.935,1276.587,49849.0,1276.587,1276.587
2019-04-17 00:00:00,1276.568,1279.72,1273.014,1274.169,46917.0,1274.169,1274.169
2019-04-18 00:00:00,1274.169,1277.605,1271.069,1275.593,44975.0,1275.593,1275.593
2019-04-22 00:00:00,1276.818,1279.736,1273.789,1274.59,75379.0,1274.59,1274.59
2019-04-23 00:00:00,1274.59,1276.436,1266.285,1271.399,44013.0,1271.399,1271.399
2019-04-24 00:00:00,1271.414,1278.443,1268.69,1274.664,46660.0,1274.664,1274.664
2019-04-25 00:00:00,1274.667,1282.534,1273.354,1278.608,46953.0,1278.608,1278.608
2019-04-26 00:00:00,1278.573,1288.629,1274.502,1285.879,47720.0,1285.879,1285.879
2019-04-28 00:00:00,1285.979,1286.616,1285.712,1285.822,3836.0,1285.822,1285.822
2019-04-29 00:00:00,1285.823,1286.58,1278.063,1280.369,42626.0,1280.369,1280.369
2019-04-30 00:00:00,1280.367,1286.142,1279.854,1283.142,46707.0,1283.142,1283.142
2019-05-01 00:00:00,1283.119,1287.164,1273.002,1277.049,48767.0,1277.049,1277.049
2019-05-02 00:00:00,1277.05,1277.372,1266.24,1270.734,47793.0,1270.734,1270.734
2019-05-03 00:00:00,1270.733,1282.498,1268.47,1278.982,43446.0,1278.982,1278.982
2019-05-05 00:00:00,1282.584,1285.752,1281.669,1284.203,10383.0,1284.203,1284.203
2019-05-06 00:00:00,1284.199,1285.111,1276.985,1282.85,50082.0,1282.85,1282.85
2019-05-07 00:00:00,1282.852,1286.016,1278.185,1284.785,49689.0,1284.785,1284.785
2019-05-08 00:00:00,1284.785,1291.395,1279.357,1281.319,50498.0,1281.319,1281.319
2019-05-09 00:00:00,1281.318,1288.114,1279.337,1283.708,53765.0,1283.708,1283.708
2019-05-10 00:00:00,1283.712,1289.351,1283.144,1285.684,52004.0,1285.684,1285.684
2019-05-12 00:00:00,1287.211,1288.026,1286.841,1287.176,5305.0,1287.176,1287.176
2019-05-13 00:00:00,1287.182,1301.69,1281.943,1301.69,49999.0,1301.69,1301.69
2019-05-14 00:00:00,1301.694,1303.24,1293.705,1297.074,46626.0,1297.074,1297.074
2019-05-15 00:00:00,1297.042,1300.817,1293.005,1296.476,48430.0,1296.476,1296.476
2019-05-16 00:00:00,1296.477,1298.663,1284.072,1285.838,46607.0,1285.838,1285.838
2019-05-17 00:00:00,1285.808,1288.879,1274.87,1277.647,45524.0,1277.647,1277.647
2019-05-19 00:00:00,1278.353,1278.841,1276.969,1277.713,4564.0,1277.713,1277.713
2019-05-20 00:00:00,1277.709,1278.891,1273.647,1277.401,44567.0,1277.401,1277.401
2019-05-21 00:00:00,1277.401,1277.41,1269.472,1274.591,42728.0,1274.591,1274.591
2019-05-22 00:00:00,1274.59,1277.217,1272.455,1274.226,41408.0,1274.226,1274.226
2019-05-23 00:00:00,1274.218,1287.194,1272.774,1284.127,48452.0,1284.127,1284.127
2019-05-24 00:00:00,1284.094,1285.154,1280.742,1284.805,42818.0,1284.805,1284.805
2019-05-26 00:00:00,1285.418,1285.576,1284.1,1284.679,4102.0,1284.679,1284.679
2019-05-27 00:00:00,1284.675,1287.325,1283.743,1285.687,27498.0,1285.687,1285.687
2019-05-28 00:00:00,1285.694,1286.519,1276.128,1279.875,47324.0,1279.875,1279.875
2019-05-29 00:00:00,1279.875,1285.447,1279.065,1279.836,51163.0,1279.836,1279.836
2019-05-30 00:00:00,1279.841,1290.554,1274.984,1290.435,47850.0,1290.435,1290.435
2019-05-31 00:00:00,1290.427,1306.834,1290.347,1305.484,53984.0,1305.484,1305.484
2019-06-02 00:00:00,1306.676,1309.387,1306.44,1309.259,7228.0,1309.259,1309.259
2019-06-03 00:00:00,1309.255,1327.91,1308.503,1325.116,57396.0,1325.116,1325.116
2019-06-04 00:00:00,1325.116,1328.977,1319.935,1325.293,56645.0,1325.293,1325.293
2019-06-05 00:00:00,1325.289,1343.99,1325.289,1330.876,61616.0,1330.876,1330.876
2019-06-06 00:00:00,1330.873,1339.718,1327.219,1333.393,56601.0,1333.393,1333.393
2019-06-07 00:00:00,1333.396,1348.18,1330.178,1340.699,52114.0,1340.699,1340.699
2019-06-09 00:00:00,1334.672,1335.765,1333.279,1334.981,7139.0,1334.981,1334.981
2019-06-10 00:00:00,1334.964,1337.615,1325.084,1329.238,52004.0,1329.238,1329.238
2019-06-11 00:00:00,1329.241,1329.791,1319.857,1327.709,50056.0,1327.709,1327.709
2019-06-12 00:00:00,1327.712,1338.259,1325.99,1333.523,54077.0,1333.523,1333.523
2019-06-13 00:00:00,1333.52,1344.552,1332.371,1344.433,53544.0,1344.433,1344.433
2019-06-14 00:00:00,1344.434,1358.042,1337.781,1341.217,57375.0,1341.217,1341.217
2019-06-16 00:00:00,1341.811,1341.999,1338.505,1338.532,5553.0,1338.532,1338.532
2019-06-17 00:00:00,1338.534,1343.424,1332.97,1339.654,54101.0,1339.654,1339.654
2019-06-18 00:00:00,1339.654,1354.524,1338.59,1345.447,61520.0,1345.447,1345.447
2019-06-19 00:00:00,1345.447,1362.504,1341.317,1357.883,66327.0,1357.883,1357.883
2019-06-20 00:00:00,1357.89,1393.816,1357.89,1390.81,80147.0,1390.81,1390.81
2019-06-21 00:00:00,1390.79,1411.56,1382.379,1399.452,77485.0,1399.452,1399.452
2019-06-23 00:00:00,1400.407,1410.164,1400.295,1406.811,12857.0,1406.811,1406.811
2019-06-24 00:00:00,1406.811,1425.953,1400.695,1425.209,69848.0,1425.209,1425.209
2019-06-25 00:00:00,1425.223,1439.001,1411.903,1418.335,91662.0,1418.335,1418.335
2019-06-26 00:00:00,1418.358,1420.489,1401.959,1410.685,77391.0,1410.685,1410.685
2019-06-27 00:00:00,1410.7,1411.999,1398.53,1411.055,66727.0,1411.055,1411.055
2019-06-28 00:00:00,1411.014,1424.526,1405.67,1409.677,63383.0,1409.677,1409.677
2019-06-30 00:00:00,1393.072,1397.69,1389.255,1392.085,15577.0,1392.085,1392.085
2019-07-01 00:00:00,1392.04,1396.989,1381.774,1385.483,70140.0,1385.483,1385.483
2019-07-02 00:00:00,1385.489,1436.051,1383.866,1431.221,73120.0,1431.221,1431.221
2019-07-03 00:00:00,1431.263,1437.668,1412.029,1418.383,74620.0,1418.383,1418.383
2019-07-04 00:00:00,1418.394,1424.11,1410.205,1420.899,45666.0,1420.899,1420.899
2019-07-05 00:00:00,1420.909,1421.301,1386.529,1398.739,67080.0,1398.739,1398.739
2019-07-07 00:00:00,1399.279,1399.306,1392.706,1395.651,9727.0,1395.651,1395.651
2019-07-08 00:00:00,1395.637,1407.526,1391.726,1394.305,59984.0,1394.305,1394.305
2019-07-09 00:00:00,1394.281,1399.945,1385.732,1395.216,58928.0,1395.216,1395.216
2019-07-10 00:00:00,1395.241,1422.438,1389.917,1421.981,67763.0,1421.981,1421.981
2019-07-11 00:00:00,1421.965,1427.032,1400.823,1403.926,66695.0,1403.926,1403.926
2019-07-12 00:00:00,1403.949,1416.79,1403.075,1415.346,56836.0,1415.346,1415.346
2019-07-14 00:00:00,1416.621,1419.668,1412.835,1416.199,8863.0,1416.199,1416.199
2019-07-15 00:00:00,1416.2,1418.197,1407.713,1415.433,55714.0,1415.433,1415.433
2019-07-16 00:00:00,1415.422,1416.205,1400.935,1405.188,58840.0,1405.188,1405.188
2019-07-17 00:00:00,1405.167,1428.505,1400.082,1424.592,59156.0,1424.592,1424.592
2019-07-18 00:00:00,1424.629,1452.884,1414.55,1442.887,74477.0,1442.887,1442.887
2019-07-19 00:00:00,1442.892,1445.205,1420.192,1425.402,68485.0,1425.402,1425.402
2019-07-21 00:00:00,1426.629,1427.068,1423.581,1425.038,7075.0,1425.038,1425.038
2019-07-22 00:00:00,1425.04,1429.939,1422.251,1423.655,56953.0,1423.655,1423.655
2019-07-23 00:00:00,1423.647,1429.963,1414.109,1417.011,60827.0,1417.011,1417.011
2019-07-24 00:00:00,1417.011,1429.391,1416.505,1425.282,54050.0,1425.282,1425.282
2019-07-25 00:00:00,1425.248,1433.723,1411.072,1415.008,59087.0,1415.008,1415.008
2019-07-26 00:00:00,1415.009,1424.753,1413.451,1418.343,48792.0,1418.343,1418.343
2019-07-28 00:00:00,1420.739,1420.858,1419.289,1420.079,4422.0,1420.079,1420.079
2019-07-29 00:00:00,1420.086,1428.062,1414.68,1424.462,47932.0,1424.462,1424.462
2019-07-30 00:00:00,1424.46,1433.146,1422.268,1430.766,47211.0,1430.766,1430.766
2019-07-31 00:00:00,1430.785,1434.227,1410.546,1412.164,64840.0,1412.164,1412.164
2019-08-01 00:00:00,1412.168,1446.613,1400.49,1438.129,76038.0,1438.129,1438.129
2019-08-02 00:00:00,1438.118,1447.895,1430.254,1440.772,74312.0,1440.772,1440.772
2019-08-04 00:00:00,1440.304,1441.167,1436.728,1439.554,6197.0,1439.554,1439.554
2019-08-05 00:00:00,1439.575,1474.68,1438.704,1473.969,82939.0,1473.969,1473.969
2019-08-06 00:00:00,1473.956,1477.268,1456.421,1476.792,72067.0,1476.792,1476.792
2019-08-07 00:00:00,1476.772,1510.312,1474.569,1501.585,90920.0,1501.585,1501.585
2019-08-08 00:00:00,1501.585,1509.418,1489.833,1504.156,76356.0,1504.156,1504.156
2019-08-09 00:00:00,1504.153,1507.929,1494.751,1497.137,61915.0,1497.137,1497.137
2019-08-11 00:00:00,1496.193,1501.473,1494.538,1500.747,6994.0,1500.747,1500.747
2019-08-12 00:00:00,1500.786,1519.962,1487.335,1512.067,62845.0,1512.067,1512.067
2019-08-13 00:00:00,1512.061,1534.92,1479.833,1500.84,89151.0,1500.84,1500.84
2019-08-14 00:00:00,1500.839,1523.938,1494.162,1516.954,86568.0,1516.954,1516.954
2019-08-15 00:00:00,1516.931,1527.065,1507.809,1526.553,88177.0,1526.553,1526.553
2019-08-16 00:00:00,1526.535,1527.913,1503.709,1512.967,62562.0,1512.967,1512.967
2019-08-18 00:00:00,1509.674,1512.896,1509.05,1509.341,5939.0,1509.341,1509.341
2019-08-19 00:00:00,1509.376,1512.655,1492.957,1496.091,59154.0,1496.091,1496.091
2019-08-20 00:00:00,1496.059,1508.491,1494.344,1506.127,50985.0,1506.127,1506.127
2019-08-21 00:00:00,1506.128,1507.391,1496.514,1502.554,50615.0,1502.554,1502.554
2019-08-22 00:00:00,1502.559,1504.539,1492.448,1497.441,49626.0,1497.441,1497.441
2019-08-23 00:00:00,1497.442,1530.178,1493.504,1526.632,62133.0,1526.632,1526.632
2019-08-25 00:00:00,1546.31,1554.998,1543.391,1547.301,18735.0,1547.301,1547.301
2019-08-26 00:00:00,1547.299,1549.096,1525.003,1528.528,77423.0,1528.528,1528.528
2019-08-27 00:00:00,1528.526,1544.548,1525.568,1543.5,57850.0,1543.5,1543.5
2019-08-28 00:00:00,1543.477,1546.76,1531.905,1538.687,60930.0,1538.687,1538.687
2019-08-29 00:00:00,1538.674,1550.322,1519.642,1528.719,68252.0,1528.719,1528.719
2019-08-30 00:00:00,1528.664,1533.061,1517.002,1520.228,60971.0,1520.228,1520.228
2019-09-01 00:00:00,1529.531,1533.446,1528.299,1529.069,7827.0,1529.069,1529.069
2019-09-02 00:00:00,1529.103,1531.098,1519.344,1526.219,39705.0,1526.219,1526.219
2019-09-03 00:00:00,1526.22,1549.833,1521.608,1549.094,64877.0,1549.094,1549.094
2019-09-04 00:00:00,1549.056,1556.943,1533.825,1551.234,65523.0,1551.234,1551.234
2019-09-05 00:00:00,1551.208,1551.629,1505.819,1518.291,73932.0,1518.291,1518.291
2019-09-06 00:00:00,1518.333,1527.789,1502.426,1506.738,79783.0,1506.738,1506.738
2019-09-08 00:00:00,1505.025,1507.613,1503.375,1505.81,7657.0,1505.81,1505.81
2019-09-09 00:00:00,1505.777,1515.394,1495.433,1496.221,63348.0,1496.221,1496.221
2019-09-10 00:00:00,1496.172,1500.824,1484.457,1486.972,65923.0,1486.972,1486.972
2019-09-11 00:00:00,1486.969,1498.189,1486.846,1492.98,56015.0,1492.98,1492.98
2019-09-12 00:00:00,1492.984,1524.109,1489.231,1497.695,71123.0,1497.695,1497.695
2019-09-13 00:00:00,1497.728,1508.927,1485.772,1488.691,58489.0,1488.691,1488.691
2019-09-15 00:00:00,1500.594,1507.757,1498.627,1506.059,14465.0,1506.059,1506.059
2019-09-16 00:00:00,1506.096,1512.025,1495.879,1497.941,64297.0,1497.941,1497.941
2019-09-17 00:00:00,1497.967,1507.018,1493.178,1500.767,59505.0,1500.767,1500.767
2019-09-18 00:00:00,1500.771,1511.346,1483.001,1491.123,69565.0,1491.123,1491.123
2019-09-19 00:00:00,1491.122,1504.384,1488.772,1499.613,62689.0,1499.613,1499.613
2019-09-20 00:00:00,1499.595,1516.923,1498.3,1516.302,56766.0,1516.302,1516.302
2019-09-22 00:00:00,1512.856,1514.344,1511.696,1514.329,8631.0,1514.329,1514.329
2019-09-23 00:00:00,1514.332,1526.722,1511.437,1520.782,63807.0,1520.782,1520.782
2019-09-24 00:00:00,1520.78,1535.578,1515.597,1531.6,69250.0,1531.6,1531.6
2019-09-25 00:00:00,1531.552,1535.021,1500.255,1506.433,71547.0,1506.433,1506.433
2019-09-26 00:00:00,1506.434,1512.24,1500.368,1506.724,65074.0,1506.724,1506.724
2019-09-27 00:00:00,1506.756,1507.334,1486.852,1496.761,70092.0,1496.761,1496.761
2019-09-29 00:00:00,1496.467,1500.435,1496.033,1496.222,7365.0,1496.222,1496.222
2019-09-30 00:00:00,1496.224,1497.156,1464.466,1473.569,70434.0,1473.569,1473.569
2019-10-01 00:00:00,1473.577,1487.141,1459.052,1481.475,77024.0,1481.475,1481.475
2019-10-02 00:00:00,1481.513,1504.974,1474.508,1499.975,72162.0,1499.975,1499.975
2019-10-03 00:00:00,1499.983,1519.49,1495.789,1508.279,78148.0,1508.279,1508.279
2019-10-04 00:00:00,1508.246,1515.927,1495.826,1504.414,69816.0,1504.414,1504.414
2019-10-06 00:00:00,1508.319,1508.602,1505.394,1508.064,5113.0,1508.064,1508.064
2019-10-07 00:00:00,1508.069,1509.211,1488.078,1492.029,60364.0,1492.029,1492.029
2019-10-08 00:00:00,1492.016,1509.594,1486.904,1508.699,76743.0,1508.699,1508.699
2019-10-09 00:00:00,1508.71,1516.982,1499.793,1511.551,70155.0,1511.551,1511.551
2019-10-10 00:00:00,1511.568,1513.81,1491.134,1494.003,75541.0,1494.003,1494.003
2019-10-11 00:00:00,1493.986,1503.07,1473.972,1488.118,75716.0,1488.118,1488.118
2019-10-13 00:00:00,1486.82,1487.23,1482.815,1484.586,7299.0,1484.586,1484.586
2019-10-14 00:00:00,1484.634,1496.997,1483.727,1491.185,55798.0,1491.185,1491.185
2019-10-15 00:00:00,1491.218,1498.345,1477.203,1481.926,59669.0,1481.926,1481.926
2019-10-16 00:00:00,1481.926,1491.518,1477.01,1490.028,61871.0,1490.028,1490.028
2019-10-17 00:00:00,1490.03,1497.259,1483.406,1492.825,58480.0,1492.825,1492.825
2019-10-18 00:00:00,1492.787,1493.324,1484.85,1490.403,51434.0,1490.403,1490.403
2019-10-20 00:00:00,1491.988,1492.132,1490.489,1491.538,5539.0,1491.538,1491.538
2019-10-21 00:00:00,1491.541,1495.147,1481.54,1484.105,52388.0,1484.105,1484.105
2019-10-22 00:00:00,1484.107,1489.215,1480.846,1488.727,52564.0,1488.727,1488.727
2019-10-23 00:00:00,1488.738,1496.2,1487.687,1492.078,51932.0,1492.078,1492.078
2019-10-24 00:00:00,1492.076,1503.911,1487.961,1502.668,52202.0,1502.668,1502.668
2019-10-25 00:00:00,1502.68,1517.861,1500.591,1504.378,53602.0,1504.378,1504.378
2019-10-27 00:00:00,1502.711,1504.1,1502.212,1503.947,4476.0,1503.947,1503.947
2019-10-28 00:00:00,1503.955,1508.124,1490.002,1491.688,53170.0,1491.688,1491.688
2019-10-29 00:00:00,1491.688,1494.711,1483.555,1487.257,53008.0,1487.257,1487.257
2019-10-30 00:00:00,1487.249,1496.499,1481.144,1495.176,59084.0,1495.176,1495.176
2019-10-31 00:00:00,1495.193,1514.123,1493.92,1512.171,59494.0,1512.171,1512.171
2019-11-01 00:00:00,1512.182,1515.894,1503.321,1514.124,53872.0,1514.124,1514.124
2019-11-03 00:00:00,1512.838,1513.146,1512.227,1512.852,2527.0,1512.852,1512.852
2019-11-04 00:00:00,1512.851,1514.707,1504.384,1506.683,51987.0,1506.683,1506.683
2019-11-05 00:00:00,1506.687,1507.747,1479.308,1484.364,60666.0,1484.364,1484.364
2019-11-06 00:00:00,1484.398,1494.115,1482.94,1490.152,55562.0,1490.152,1490.152
2019-11-07 00:00:00,1490.175,1492.117,1460.63,1468.651,64358.0,1468.651,1468.651
2019-11-08 00:00:00,1468.616,1472.878,1456.2,1458.943,62333.0,1458.943,1458.943
2019-11-10 00:00:00,1460.307,1461.038,1459.98,1460.966,2896.0,1460.966,1460.966
2019-11-11 00:00:00,1460.973,1466.367,1448.205,1455.583,50732.0,1455.583,1455.583
2019-11-12 00:00:00,1455.581,1460.348,1445.578,1458.243,62446.0,1458.243,1458.243
2019-11-13 00:00:00,1458.265,1466.995,1457.204,1463.483,59300.0,1463.483,1463.483
2019-11-14 00:00:00,1463.479,1474.549,1461.113,1469.183,57436.0,1469.183,1469.183
2019-11-15 00:00:00,1469.19,1469.813,1462.402,1467.719,51512.0,1467.719,1467.719
2019-11-17 00:00:00,1467.963,1469.539,1467.65,1469.001,2651.0,1469.001,1469.001
2019-11-18 00:00:00,1469.01,1473.833,1456.334,1471.683,54714.0,1471.683,1471.683
2019-11-19 00:00:00,1471.666,1475.259,1464.773,1474.484,56231.0,1474.484,1474.484
2019-11-20 00:00:00,1474.477,1478.743,1465.81,1474.363,60904.0,1474.363,1474.363
2019-11-21 00:00:00,1474.382,1475.555,1462.357,1465.083,61030.0,1465.083,1465.083
2019-11-22 00:00:00,1465.047,1473.12,1461.334,1461.986,53220.0,1461.986,1461.986
2019-11-24 00:00:00,1460.59,1460.928,1459.64,1460.412,2984.0,1460.412,1460.412
2019-11-25 00:00:00,1460.401,1462.041,1453.615,1453.832,49500.0,1453.832,1453.832
2019-11-26 00:00:00,1453.84,1462.764,1449.895,1460.485,49717.0,1460.485,1460.485
2019-11-27 00:00:00,1460.45,1461.141,1452.534,1456.845,48888.0,1456.845,1456.845
2019-11-28 00:00:00,1456.817,1458.191,1454.194,1456.016,31323.0,1456.016,1456.016
2019-11-29 00:00:00,1456.024,1466.444,1452.991,1463.914,41400.0,1463.914,1463.914
2019-12-01 00:00:00,1462.603,1462.603,1461.559,1461.778,3207.0,1461.778,1461.778
2019-12-02 00:00:00,1461.746,1465.735,1453.917,1462.598,55645.0,1462.598,1462.598
2019-12-03 00:00:00,1462.609,1481.689,1459.793,1476.582,60953.0,1476.582,1476.582
2019-12-04 00:00:00,1476.593,1483.956,1471.408,1475.523,61313.0,1475.523,1475.523
2019-12-05 00:00:00,1475.524,1480.262,1472.87,1475.925,55198.0,1475.925,1475.925
2019-12-06 00:00:00,1475.942,1479.211,1458.659,1459.856,52962.0,1459.856,1459.856
2019-12-08 00:00:00,1458.717,1459.945,1458.71,1459.899,3061.0,1459.899,1459.899
2019-12-09 00:00:00,1459.893,1465.306,1459.057,1461.044,46173.0,1461.044,1461.044
2019-12-10 00:00:00,1461.038,1469.082,1460.008,1463.853,51513.0,1463.853,1463.853
2019-12-11 00:00:00,1463.814,1478.821,1462.703,1474.533,51963.0,1474.533,1474.533
2019-12-12 00:00:00,1474.542,1486.641,1461.868,1465.021,62262.0,1465.021,1465.021
2019-12-13 00:00:00,1465.06,1477.957,1464.768,1475.616,62447.0,1475.616,1475.616
2019-12-15 00:00:00,1474.939,1474.987,1473.729,1474.073,3371.0,1474.073,1474.073
2019-12-16 00:00:00,1474.096,1479.786,1473.141,1475.303,48458.0,1475.303,1475.303
2019-12-17 00:00:00,1475.307,1480.418,1474.185,1475.58,46623.0,1475.58,1475.58
2019-12-18 00:00:00,1475.577,1479.229,1470.436,1475.724,45443.0,1475.724,1475.724
2019-12-19 00:00:00,1475.721,1481.614,1473.248,1478.396,45813.0,1478.396,1478.396
2019-12-20 00:00:00,1478.414,1480.893,1475.817,1477.897,40933.0,1477.897,1477.897
2019-12-22 00:00:00,1477.946,1478.58,1477.448,1478.463,2653.0,1478.463,1478.463
2019-12-23 00:00:00,1478.461,1486.068,1478.382,1485.406,42660.0,1485.406,1485.406
2019-12-24 00:00:00,1485.44,1500.412,1484.343,1499.587,35710.0,1499.587,1499.587
2019-12-26 00:00:00,1504.34,1512.501,1502.695,1511.122,71913.0,1511.122,1511.122
2019-12-27 00:00:00,1511.118,1515.222,1507.309,1510.913,47361.0,1510.913,1510.913
2019-12-29 00:00:00,1511.309,1513.889,1511.012,1513.466,3602.0,1513.466,1513.466
2019-12-30 00:00:00,1513.459,1516.028,1510.741,1514.854,44922.0,1514.854,1514.854
2019-12-31 00:00:00,1514.854,1525.185,1514.769,1522.657,39708.0,1522.657,1522.657
2020-01-02 00:00:00,1518.464,1531.275,1517.172,1528.743,98390.0,1528.743,1528.743
2020-01-03 00:00:00,1528.725,1553.419,1528.725,1551.883,66506.0,1551.883,1551.883
2020-01-05 00:00:00,1576.329,1582.102,1566.855,1569.216,11457.0,1569.216,1569.216
2020-01-06 00:00:00,1569.151,1579.966,1560.818,1563.706,71962.0,1563.706,1563.706
2020-01-07 00:00:00,1563.723,1598.344,1555.277,1595.013,74597.0,1595.013,1595.013
2020-01-08 00:00:00,1594.963,1611.365,1552.222,1558.022,102199.0,1558.022,1558.022
2020-01-09 00:00:00,1558.016,1561.257,1540.211,1552.626,69282.0,1552.626,1552.626
2020-01-10 00:00:00,1552.59,1563.049,1545.667,1561.958,59424.0,1561.958,1561.958
2020-01-12 00:00:00,1559.714,1560.563,1557.998,1559.187,3721.0,1559.187,1559.187
2020-01-13 00:00:00,1559.187,1559.957,1544.911,1545.188,56753.0,1545.188,1545.188
2020-01-14 00:00:00,1545.196,1549.935,1535.834,1549.498,62787.0,1549.498,1549.498
2020-01-15 00:00:00,1549.489,1558.082,1546.34,1556.252,59092.0,1556.252,1556.252
2020-01-16 00:00:00,1556.272,1558.037,1547.955,1552.144,53711.0,1552.144,1552.144
2020-01-17 00:00:00,1552.147,1561.156,1549.343,1557.33,53162.0,1557.33,1557.33
2020-01-19 00:00:00,1558.947,1558.947,1556.292,1556.98,3613.0,1556.98,1556.98
2020-01-20 00:00:00,1556.975,1562.65,1556.627,1561.177,35364.0,1561.177,1561.177
2020-01-21 00:00:00,1561.174,1568.507,1546.314,1556.466,62737.0,1556.466,1556.466
2020-01-22 00:00:00,1556.421,1563.677,1550.135,1561.367,54440.0,1561.367,1561.367
2020-01-23 00:00:00,1561.378,1567.864,1551.892,1560.889,57507.0,1560.889,1560.889
2020-01-24 00:00:00,1560.883,1575.728,1556.513,1571.333,54198.0,1571.333,1571.333
2020-01-26 00:00:00,1581.234,1588.516,1581.234,1582.664,8870.0,1582.664,1582.664
2020-01-27 00:00:00,1582.704,1586.182,1575.831,1581.06,64194.0,1581.06,1581.06
2020-01-28 00:00:00,1581.057,1582.959,1565.52,1568.436,58785.0,1568.436,1568.436
2020-01-29 00:00:00,1568.45,1577.879,1563.318,1577.019,53987.0,1577.019,1577.019
2020-01-30 00:00:00,1577.001,1585.868,1572.23,1575.1,66345.0,1575.1,1575.1
2020-01-31 00:00:00,1575.101,1590.317,1570.919,1588.804,61502.0,1588.804,1588.804
2020-02-02 00:00:00,1588.544,1592.017,1587.972,1589.412,6082.0,1589.412,1589.412
2020-02-03 00:00:00,1589.377,1589.979,1569.346,1578.756,64774.0,1578.756,1578.756
2020-02-04 00:00:00,1578.768,1579.535,1549.005,1554.073,60412.0,1554.073,1554.073
2020-02-05 00:00:00,1554.056,1562.305,1547.479,1556.064,61769.0,1556.064,1556.064
2020-02-06 00:00:00,1556.024,1568.148,1552.461,1565.753,55277.0,1565.753,1565.753
2020-02-07 00:00:00,1565.757,1573.935,1560.256,1570.145,57104.0,1570.145,1570.145
2020-02-09 00:00:00,1569.258,1576.551,1569.028,1574.764,5670.0,1574.764,1574.764
2020-02-10 00:00:00,1574.725,1576.918,1567.939,1571.928,51544.0,1571.928,1571.928
2020-02-11 00:00:00,1571.929,1573.923,1562.134,1567.034,51215.0,1567.034,1567.034
2020-02-12 00:00:00,1566.989,1571.314,1561.82,1569.83,49406.0,1569.83,1569.83
2020-02-13 00:00:00,1569.767,1578.198,1569.1,1577.307,56505.0,1577.307,1577.307
2020-02-14 00:00:00,1577.266,1584.899,1573.014,1583.991,47731.0,1583.991,1583.991
2020-02-16 00:00:00,1581.444,1583.045,1580.429,1582.913,3438.0,1582.913,1582.913
2020-02-17 00:00:00,1582.92,1585.381,1578.824,1584.221,29368.0,1584.221,1584.221
2020-02-18 00:00:00,1584.228,1605.016,1584.178,1600.794,53279.0,1600.794,1600.794
2020-02-19 00:00:00,1600.79,1612.845,1599.466,1610.321,56964.0,1610.321,1610.321
2020-02-20 00:00:00,1610.317,1623.635,1603.853,1622.098,64208.0,1622.098,1622.098
2020-02-21 00:00:00,1622.072,1649.102,1618.908,1643.319,66614.0,1643.319,1643.319
2020-02-23 00:00:00,1659.76,1680.967,1657.703,1665.512,10220.0,1665.512,1665.512
2020-02-24 00:00:00,1665.489,1689.213,1650.801,1653.9,95174.0,1653.9,1653.9
2020-02-25 00:00:00,1653.86,1658.684,1624.934,1639.815,107202.0,1639.815,1639.815
2020-02-26 00:00:00,1639.809,1654.877,1624.966,1643.493,94220.0,1643.493,1643.493
2020-02-27 00:00:00,1643.507,1660.254,1635.286,1645.695,98678.0,1645.695,1645.695
2020-02-28 00:00:00,1645.667,1648.052,1562.889,1586.023,130833.0,1586.023,1586.023
2020-03-01 00:00:00,1582.112,1588.335,1575.451,1584.992,9506.0,1584.992,1584.992
2020-03-02 00:00:00,1584.922,1610.863,1581.675,1591.957,103082.0,1591.957,1591.957
2020-03-03 00:00:00,1591.903,1652.804,1589.641,1645.697,110332.0,1645.697,1645.697
2020-03-04 00:00:00,1645.687,1649.283,1631.719,1636.644,86947.0,1636.644,1636.644
2020-03-05 00:00:00,1636.576,1674.86,1635.574,1674.536,79386.0,1674.536,1674.536
2020-03-06 00:00:00,1674.495,1691.979,1642.218,1674.32,136886.0,1674.32,1674.32
2020-03-08 00:00:00,1696.28,1703.179,1679.712,1700.043,24371.0,1700.043,1700.043
2020-03-09 00:00:00,1700.049,1702.965,1657.45,1666.506,155214.0,1666.506,1666.506
2020-03-10 00:00:00,1666.535,1671.382,1641.572,1652.331,122479.0,1652.331,1652.331
2020-03-11 00:00:00,1652.318,1671.183,1633.07,1643.612,102451.0,1643.612,1643.612
2020-03-12 00:00:00,1643.655,1650.253,1560.721,1576.856,175118.0,1576.856,1576.856
2020-03-13 00:00:00,1576.861,1597.735,1504.669,1529.245,186921.0,1529.245,1529.245
2020-03-15 00:00:00,1551.879,1575.37,1540.122,1557.51,40033.0,1557.51,1557.51
2020-03-16 00:00:00,1557.594,1560.771,1451.281,1507.227,242853.0,1507.227,1507.227
2020-03-17 00:00:00,1507.234,1553.769,1465.592,1537.77,190988.0,1537.77,1537.77
2020-03-18 00:00:00,1537.79,1539.831,1472.753,1498.045,213582.0,1498.045,1498.045
2020-03-19 00:00:00,1498.087,1498.644,1455.292,1471.367,166323.0,1471.367,1471.367
2020-03-20 00:00:00,1471.35,1515.982,1471.017,1498.718,130889.0,1498.718,1498.718
2020-03-22 00:00:00,1502.2,1507.935,1482.773,1491.601,24872.0,1491.601,1491.601
2020-03-23 00:00:00,1491.591,1567.641,1485.073,1567.125,141811.0,1567.125,1567.125
2020-03-24 00:00:00,1567.119,1636.988,1558.059,1629.148,83609.0,1629.148,1629.148
2020-03-25 00:00:00,1628.485,1631.432,1596.185,1607.418,54654.0,1607.418,1607.418
2020-03-26 00:00:00,1607.758,1641.8,1593.913,1624.864,50233.0,1624.864,1624.864
2020-03-27 00:00:00,1625.069,1628.856,1611.31,1622.911,46500.0,1622.911,1622.911
2020-03-29 00:00:00,1628.767,1630.463,1616.408,1627.402,5153.0,1627.402,1627.402
2020-03-30 00:00:00,1627.07,1628.197,1610.471,1616.282,50960.0,1616.282,1616.282
2020-03-31 00:00:00,1616.122,1618.266,1569.183,1578.851,60095.0,1578.851,1578.851
2020-04-01 00:00:00,1578.95,1598.554,1571.348,1590.982,57011.0,1590.982,1590.982
2020-04-02 00:00:00,1591.25,1618.812,1581.922,1612.393,64635.0,1612.393,1612.393
2020-04-03 00:00:00,1612.393,1624.359,1605.667,1615.567,60102.0,1615.567,1615.567
2020-04-05 00:00:00,1613.913,1618.872,1607.546,1618.872,5363.0,1618.872,1618.872
2020-04-06 00:00:00,1618.7,1671.195,1614.971,1661.375,64215.0,1661.375,1661.375
2020-04-07 00:00:00,1661.333,1666.946,1641.89,1648.142,59284.0,1648.142,1648.142
2020-04-08 00:00:00,1648.153,1655.344,1641.045,1647.133,50832.0,1647.133,1647.133
2020-04-09 00:00:00,1647.127,1689.431,1645.841,1682.944,71422.0,1682.944,1682.944
2020-04-12 00:00:00,1684.492,1691.295,1683.195,1686.821,5528.0,1686.821,1686.821
2020-04-13 00:00:00,1686.627,1722.211,1679.798,1717.28,73313.0,1717.28,1717.28
2020-04-14 00:00:00,1717.163,1746.579,1708.479,1725.543,88951.0,1725.543,1725.543
2020-04-15 00:00:00,1725.542,1730.654,1707.411,1715.654,86746.0,1715.654,1715.654
2020-04-16 00:00:00,1715.828,1738.091,1701.989,1715.15,112909.0,1715.15,1715.15
2020-04-17 00:00:00,1715.137,1717.949,1679.135,1683.655,110070.0,1683.655,1683.655
2020-04-19 00:00:00,1682.777,1683.235,1673.878,1675.506,9661.0,1675.506,1675.506
2020-04-20 00:00:00,1675.538,1701.963,1671.277,1690.808,101229.0,1690.808,1690.808
2020-04-21 00:00:00,1690.812,1697.277,1660.127,1687.417,102667.0,1687.417,1687.417
2020-04-22 00:00:00,1687.625,1718.218,1679.53,1711.447,115742.0,1711.447,1711.447
2020-04-23 00:00:00,1711.452,1738.308,1705.969,1727.918,137656.0,1727.918,1727.918
2020-04-24 00:00:00,1727.925,1736.069,1710.08,1727.93,109819.0,1727.93,1727.93
2020-04-26 00:00:00,1721.908,1725.615,1718.583,1724.978,9327.0,1724.978,1724.978
2020-04-27 00:00:00,1724.975,1726.275,1705.618,1709.572,98900.0,1709.572,1709.572
2020-04-28 00:00:00,1709.351,1713.601,1691.429,1704.711,128272.0,1704.711,1704.711
2020-04-29 00:00:00,1704.444,1716.769,1697.46,1713.271,106038.0,1713.271,1713.271
2020-04-30 00:00:00,1713.13,1721.174,1680.724,1687.709,97646.0,1687.709,1687.709
2020-05-01 00:00:00,1687.443,1705.106,1670.131,1700.028,129372.0,1700.028,1700.028
2020-05-03 00:00:00,1698.504,1699.649,1691.575,1699.269,10051.0,1699.269,1699.269
2020-05-04 00:00:00,1699.123,1711.163,1694.678,1703.549,95850.0,1703.549,1703.549
2020-05-05 00:00:00,1703.562,1711.345,1691.198,1703.8,92857.0,1703.8,1703.8
2020-05-06 00:00:00,1703.838,1707.818,1681.89,1689.582,88102.0,1689.582,1689.582
2020-05-07 00:00:00,1689.678,1721.793,1684.097,1714.229,85721.0,1714.229,1714.229
2020-05-08 00:00:00,1714.234,1722.819,1701.296,1702.329,87645.0,1702.329,1702.329
2020-05-10 00:00:00,1702.072,1707.454,1701.274,1706.479,11217.0,1706.479,1706.479
2020-05-11 00:00:00,1706.472,1712.031,1686.864,1697.759,86561.0,1697.759,1697.759
2020-05-12 00:00:00,1697.721,1710.515,1693.297,1702.424,80916.0,1702.424,1702.424
2020-05-13 00:00:00,1702.351,1719.371,1698.868,1718.317,90958.0,1718.317,1718.317
2020-05-14 00:00:00,1718.287,1736.004,1710.464,1732.716,84145.0,1732.716,1732.716
2020-05-15 00:00:00,1732.708,1750.93,1728.336,1741.974,86128.0,1741.974,1741.974
2020-05-17 00:00:00,1747.441,1759.776,1743.217,1758.137,17724.0,1758.137,1758.137
2020-05-18 00:00:00,1758.06,1764.715,1726.823,1734.704,89739.0,1734.704,1734.704
2020-05-19 00:00:00,1734.711,1747.382,1725.316,1745.97,84547.0,1745.97,1745.97
2020-05-20 00:00:00,1745.978,1753.684,1742.035,1747.365,81280.0,1747.365,1747.365
2020-05-21 00:00:00,1747.47,1747.47,1716.751,1725.824,83833.0,1725.824,1725.824
2020-05-22 00:00:00,1725.953,1739.314,1724.152,1734.06,72211.0,1734.06,1734.06
2020-05-24 00:00:00,1731.595,1733.303,1729.697,1730.676,6210.0,1730.676,1730.676
2020-05-25 00:00:00,1730.682,1732.456,1720.967,1726.56,45997.0,1726.56,1726.56
2020-05-26 00:00:00,1726.542,1735.055,1708.228,1712.678,78481.0,1712.678,1712.678
2020-05-27 00:00:00,1712.658,1715.746,1693.423,1710.852,80885.0,1710.852,1710.852
2020-05-28 00:00:00,1710.856,1727.014,1708.767,1721.686,80001.0,1721.686,1721.686
2020-05-29 00:00:00,1721.66,1737.277,1712.361,1729.475,84149.0,1729.475,1729.475
2020-05-31 00:00:00,1733.361,1740.011,1731.393,1739.611,10603.0,1739.611,1739.611
2020-06-01 00:00:00,1739.507,1744.323,1726.744,1741.504,85220.0,1741.504,1741.504
2020-06-02 00:00:00,1741.58,1744.836,1721.363,1726.591,85191.0,1726.591,1726.591
2020-06-03 00:00:00,1726.58,1729.312,1689.147,1700.516,97516.0,1700.516,1700.516
2020-06-04 00:00:00,1700.402,1721.22,1696.548,1712.394,90855.0,1712.394,1712.394
2020-06-05 00:00:00,1712.41,1715.794,1670.51,1685.512,103971.0,1685.512,1685.512
2020-06-07 00:00:00,1681.207,1682.98,1677.301,1681.323,9031.0,1681.323,1681.323
2020-06-08 00:00:00,1681.327,1700.46,1680.698,1697.243,89279.0,1697.243,1697.243
2020-06-09 00:00:00,1697.238,1720.669,1691.911,1713.099,87625.0,1713.099,1713.099
2020-06-10 00:00:00,1713.143,1739.586,1707.819,1735.483,93023.0,1735.483,1735.483
2020-06-11 00:00:00,1735.522,1744.536,1721.451,1726.573,91057.0,1726.573,1726.573
2020-06-12 00:00:00,1726.524,1742.82,1721.69,1730.552,81008.0,1730.552,1730.552
2020-06-14 00:00:00,1730.841,1733.37,1729.536,1732.553,7913.0,1732.553,1732.553
2020-06-15 00:00:00,1732.499,1733.879,1703.902,1724.066,91716.0,1724.066,1724.066
2020-06-16 00:00:00,1724.084,1732.606,1716.455,1726.328,88241.0,1726.328,1726.328
2020-06-17 00:00:00,1726.328,1730.079,1712.327,1727.483,78107.0,1727.483,1727.483
2020-06-18 00:00:00,1727.536,1736.909,1717.376,1723.432,86551.0,1723.432,1723.432
2020-06-19 00:00:00,1723.433,1745.142,1722.353,1743.537,82390.0,1743.537,1743.537
2020-06-21 00:00:00,1746.411,1749.969,1743.864,1749.125,10804.0,1749.125,1749.125
2020-06-22 00:00:00,1749.088,1762.99,1742.326,1755.265,93388.0,1755.265,1755.265
2020-06-23 00:00:00,1755.303,1770.887,1747.356,1768.606,98295.0,1768.606,1768.606
2020-06-24 00:00:00,1768.563,1779.247,1754.347,1762.084,99662.0,1762.084,1762.084
2020-06-25 00:00:00,1762.071,1768.808,1755.362,1765.644,85371.0,1765.644,1765.644
2020-06-26 00:00:00,1765.647,1771.841,1747.25,1771.28,81713.0,1771.28,1771.28
2020-06-28 00:00:00,1770.599,1775.047,1769.991,1771.212,9183.0,1771.212,1771.212
2020-06-29 00:00:00,1771.293,1774.752,1765.607,1772.865,78704.0,1772.865,1772.865
2020-06-30 00:00:00,1772.864,1785.729,1764.12,1782.721,80823.0,1782.721,1782.721
2020-07-01 00:00:00,1782.729,1789.089,1759.142,1768.221,88416.0,1768.221,1768.221
2020-07-02 00:00:00,1768.223,1779.439,1757.464,1775.646,82321.0,1775.646,1775.646
2020-07-03 00:00:00,1775.599,1777.034,1772.377,1775.703,44696.0,1775.703,1775.703
2020-07-05 00:00:00,1773.537,1775.963,1773.263,1775.327,5631.0,1775.327,1775.327
2020-07-06 00:00:00,1775.252,1786.933,1769.855,1785.747,82277.0,1785.747,1785.747
2020-07-07 00:00:00,1785.785,1797.243,1773.385,1794.333,81022.0,1794.333,1794.333
2020-07-08 00:00:00,1794.315,1817.833,1791.401,1809.054,78449.0,1809.054,1809.054
2020-07-09 00:00:00,1809.051,1815.792,1795.289,1803.825,85946.0,1803.825,1803.825
2020-07-10 00:00:00,1803.829,1810.344,1794.025,1798.621,74484.0,1798.621,1798.621
2020-07-12 00:00:00,1799.343,1801.095,1797.908,1800.013,6799.0,1800.013,1800.013
2020-07-13 00:00:00,1799.994,1813.303,1799.771,1802.27,81819.0,1802.27,1802.27
2020-07-14 00:00:00,1802.282,1810.786,1790.404,1809.434,89401.0,1809.434,1809.434
2020-07-15 00:00:00,1809.412,1814.553,1802.364,1813.023,74772.0,1813.023,1813.023
2020-07-16 00:00:00,1813.025,1813.223,1794.869,1798.28,73676.0,1798.28,1798.28
2020-07-17 00:00:00,1798.282,1811.75,1795.73,1809.765,62092.0,1809.765,1809.765
2020-07-19 00:00:00,1808.109,1810.619,1807.808,1808.998,6085.0,1808.998,1808.998
2020-07-20 00:00:00,1808.969,1820.348,1805.658,1817.921,69566.0,1817.921,1817.921
2020-07-21 00:00:00,1817.913,1847.042,1815.563,1842.981,84559.0,1842.981,1842.981
2020-07-22 00:00:00,1842.947,1874.261,1842.306,1869.876,113312.0,1869.876,1869.876
2020-07-23 00:00:00,1869.872,1898.19,1863.526,1885.395,110417.0,1885.395,1885.395
2020-07-24 00:00:00,1885.396,1906.4,1880.996,1901.143,88411.0,1901.143,1901.143
2020-07-26 00:00:00,1902.646,1914.58,1902.646,1913.493,14659.0,1913.493,1913.493
2020-07-27 00:00:00,1913.495,1966.211,1912.295,1964.98,118781.0,1964.98,1964.98
2020-07-28 00:00:00,1964.873,1980.652,1906.579,1956.072,145260.0,1956.072,1956.072
2020-07-29 00:00:00,1956.072,1980.601,1941.314,1966.483,112992.0,1966.483,1966.483
2020-07-30 00:00:00,1966.487,1970.332,1938.975,1956.91,117775.0,1956.91,1956.91
2020-07-31 00:00:00,1956.926,1982.318,1955.863,1974.958,114787.0,1974.958,1974.958
2020-08-02 00:00:00,1982.988,1984.734,1977.002,1981.738,15349.0,1981.738,1981.738
2020-08-03 00:00:00,1981.698,1982.133,1960.418,1975.265,90063.0,1975.265,1975.265
2020-08-04 00:00:00,1975.174,2030.712,1967.369,2030.712,101940.0,2030.712,2030.712
2020-08-05 00:00:00,2030.64,2055.403,2009.131,2036.29,128525.0,2036.29,2036.29
2020-08-06 00:00:00,2036.338,2073.682,2034.336,2069.007,124983.0,2069.007,2069.007
2020-08-07 00:00:00,2069.1,2071.992,2015.465,2034.818,153841.0,2034.818,2034.818
2020-08-09 00:00:00,2026.671,2030.778,2018.676,2027.12,15167.0,2027.12,2027.12
2020-08-10 00:00:00,2027.119,2049.797,2019.265,2028.128,121431.0,2028.128,2028.128
2020-08-11 00:00:00,2028.129,2028.129,1901.422,1909.025,213203.0,1909.025,1909.025
2020-08-12 00:00:00,1908.997,1949.171,1863.593,1921.874,214392.0,1921.874,1921.874
2020-08-13 00:00:00,1921.844,1966.192,1919.895,1957.332,157498.0,1957.332,1957.332
2020-08-14 00:00:00,1957.304,1961.402,1931.973,1944.376,134341.0,1944.376,1944.376
2020-08-16 00:00:00,1944.835,1951.221,1931.853,1932.534,12717.0,1932.534,1932.534
2020-08-17 00:00:00,1932.533,1990.594,1929.205,1983.634,125342.0,1983.634,1983.634
2020-08-18 00:00:00,1983.647,2015.39,1975.958,2005.186,141901.0,2005.186,2005.186
2020-08-19 00:00:00,2005.155,2005.869,1924.638,1927.748,171161.0,1927.748,1927.748
2020-08-20 00:00:00,1927.717,1955.078,1924.085,1952.707,160309.0,1952.707,1952.707
2020-08-21 00:00:00,1952.789,1955.744,1911.464,1940.113,141278.0,1940.113,1940.113
2020-08-23 00:00:00,1936.426,1938.261,1929.819,1935.019,11194.0,1935.019,1935.019
2020-08-24 00:00:00,1935.006,1961.712,1923.666,1929.749,117271.0,1929.749,1929.749
2020-08-25 00:00:00,1929.699,1937.326,1914.211,1929.596,115242.0,1929.596,1929.596
2020-08-26 00:00:00,1929.564,1954.68,1902.613,1953.415,121151.0,1953.415,1953.415
2020-08-27 00:00:00,1953.414,1976.439,1909.707,1928.053,147853.0,1928.053,1928.053
2020-08-28 00:00:00,1927.921,1973.742,1922.773,1964.591,110684.0,1964.591,1964.591
2020-08-30 00:00:00,1968.915,1975.843,1968.82,1973.073,12297.0,1973.073,1973.073
2020-08-31 00:00:00,1973.011,1976.279,1954.269,1967.705,106288.0,1967.705,1967.705
2020-09-01 00:00:00,1967.778,1992.297,1962.63,1972.465,134390.0,1972.465,1972.465
2020-09-02 00:00:00,1972.496,1973.171,1932.408,1944.68,142873.0,1944.68,1944.68
2020-09-03 00:00:00,1944.693,1950.736,1921.824,1927.772,146372.0,1927.772,1927.772
2020-09-04 00:00:00,1927.73,1948.158,1916.114,1933.518,142551.0,1933.518,1933.518
2020-09-06 00:00:00,1932.511,1937.574,1932.506,1934.348,8747.0,1934.348,1934.348
2020-09-07 00:00:00,1934.349,1941.118,1924.114,1930.578,69072.0,1930.578,1930.578
2020-09-08 00:00:00,1930.577,1940.722,1906.368,1930.233,136362.0,1930.233,1930.233
2020-09-09 00:00:00,1930.198,1950.741,1919.879,1947.264,105787.0,1947.264,1947.264
2020-09-10 00:00:00,1947.368,1966.486,1941.211,1943.839,96009.0,1943.839,1943.839
2020-09-11 00:00:00,1943.722,1954.698,1936.791,1939.938,75392.0,1939.938,1939.938
2020-09-13 00:00:00,1937.168,1943.02,1937.136,1942.747,6843.0,1942.747,1942.747
2020-09-14 00:00:00,1942.75,1962.387,1939.74,1957.196,67739.0,1957.196,1957.196
2020-09-15 00:00:00,1957.187,1972.102,1948.096,1953.851,75606.0,1953.851,1953.851
2020-09-16 00:00:00,1953.712,1973.421,1949.635,1959.642,89105.0,1959.642,1959.642
2020-09-17 00:00:00,1959.75,1959.858,1932.831,1947.081,89012.0,1947.081,1947.081
2020-09-18 00:00:00,1947.082,1959.913,1944.894,1950.013,70384.0,1950.013,1950.013
2020-09-20 00:00:00,1949.641,1950.829,1946.445,1948.398,7753.0,1948.398,1948.398
2020-09-21 00:00:00,1948.398,1955.412,1882.213,1917.104,108681.0,1917.104,1917.104
2020-09-22 00:00:00,1917.115,1919.502,1894.498,1904.223,105769.0,1904.223,1904.223
2020-09-23 00:00:00,1904.211,1905.083,1853.127,1854.816,120210.0,1854.816,1854.816
2020-09-24 00:00:00,1854.816,1876.977,1848.076,1867.664,116397.0,1867.664,1867.664
2020-09-25 00:00:00,1867.544,1874.995,1851.922,1861.155,91078.0,1861.155,1861.155
2020-09-27 00:00:00,1862.899,1865.865,1860.887,1862.341,7422.0,1862.341,1862.341
2020-09-28 00:00:00,1862.376,1883.493,1848.204,1882.594,89169.0,1882.594,1882.594
2020-09-29 00:00:00,1882.546,1899.263,1875.167,1896.775,81510.0,1896.775,1896.775
2020-09-30 00:00:00,1896.76,1902.169,1881.332,1887.634,100403.0,1887.634,1887.634
2020-10-01 00:00:00,1887.621,1912.109,1884.618,1903.161,95984.0,1903.161,1903.161
2020-10-02 00:00:00,1903.158,1916.982,1889.744,1898.723,96361.0,1898.723,1898.723
2020-10-04 00:00:00,1903.345,1904.29,1898.045,1902.902,9069.0,1902.902,1902.902
2020-10-05 00:00:00,1902.894,1918.623,1886.933,1912.687,76190.0,1912.687,1912.687
2020-10-06 00:00:00,1912.683,1921.032,1874.761,1880.067,96499.0,1880.067,1880.067
2020-10-07 00:00:00,1880.114,1897.899,1872.69,1886.948,88785.0,1886.948,1886.948
2020-10-08 00:00:00,1886.918,1900.527,1881.839,1895.177,80524.0,1895.177,1895.177
2020-10-09 00:00:00,1895.168,1930.444,1894.872,1930.147,72851.0,1930.147,1930.147
2020-10-11 00:00:00,1926.646,1933.178,1926.617,1929.087,10588.0,1929.087,1929.087
2020-10-12 00:00:00,1929.109,1931.899,1918.214,1925.059,79342.0,1925.059,1925.059
2020-10-13 00:00:00,1925.013,1925.013,1886.399,1893.336,94912.0,1893.336,1893.336
2020-10-14 00:00:00,1893.287,1912.786,1882.401,1898.178,83572.0,1898.178,1898.178
2020-10-15 00:00:00,1898.18,1908.971,1889.438,1906.36,93394.0,1906.36,1906.36
2020-10-16 00:00:00,1906.311,1913.878,1897.747,1898.825,77680.0,1898.825,1898.825
2020-10-18 00:00:00,1899.865,1902.928,1898.642,1900.779,7785.0,1900.779,1900.779
2020-10-19 00:00:00,1900.732,1918.39,1896.993,1902.952,78631.0,1902.952,1902.952
2020-10-20 00:00:00,1902.96,1914.025,1894.593,1910.682,80998.0,1910.682,1910.682
2020-10-21 00:00:00,1910.677,1931.281,1910.05,1921.292,84557.0,1921.292,1921.292
2020-10-22 00:00:00,1921.247,1922.15,1893.928,1904.989,80014.0,1904.989,1904.989
2020-10-23 00:00:00,1904.943,1914.153,1894.332,1901.602,69601.0,1901.602,1901.602
2020-10-25 00:00:00,1901.513,1902.021,1891.277,1898.453,11480.0,1898.453,1898.453
2020-10-26 00:00:00,1898.476,1908.478,1894.839,1902.156,78848.0,1902.156,1902.156
2020-10-27 00:00:00,1902.102,1911.271,1897.779,1905.187,68662.0,1905.187,1905.187
2020-10-28 00:00:00,1905.188,1910.77,1869.262,1879.542,92397.0,1879.542,1879.542
2020-10-29 00:00:00,1879.547,1884.871,1859.815,1868.359,93519.0,1868.359,1868.359
2020-10-30 00:00:00,1868.353,1889.683,1864.356,1878.858,86879.0,1878.858,1878.858
2020-11-01 00:00:00,1879.301,1879.301,1875.215,1877.049,4654.0,1877.049,1877.049
2020-11-02 00:00:00,1877.0,1896.112,1873.364,1894.658,71690.0,1894.658,1894.658
2020-11-03 00:00:00,1894.66,1916.211,1886.897,1914.392,74540.0,1914.392,1914.392
2020-11-04 00:00:00,1914.398,1916.311,1881.432,1904.79,140467.0,1904.79,1904.79
2020-11-05 00:00:00,1904.788,1952.651,1902.405,1946.123,97100.0,1946.123,1946.123
2020-11-06 00:00:00,1946.169,1960.238,1935.574,1951.855,95289.0,1951.855,1951.855
2020-11-08 00:00:00,1957.117,1959.741,1955.222,1958.496,5666.0,1958.496,1958.496
2020-11-09 00:00:00,1958.449,1965.419,1850.423,1870.837,152563.0,1870.837,1870.837
2020-11-10 00:00:00,1870.883,1890.315,1867.351,1876.657,99712.0,1876.657,1876.657
2020-11-11 00:00:00,1876.62,1884.333,1856.273,1865.515,80557.0,1865.515,1865.515
2020-11-12 00:00:00,1865.559,1883.734,1862.647,1875.74,76795.0,1875.74,1875.74
2020-11-13 00:00:00,1875.733,1896.728,1873.937,1889.358,66632.0,1889.358,1889.358
2020-11-15 00:00:00,1887.92,1891.535,1887.778,1890.357,4079.0,1890.357,1890.357
2020-11-16 00:00:00,1890.413,1899.0,1865.134,1889.757,83912.0,1889.757,1889.757
2020-11-17 00:00:00,1889.711,1893.378,1876.901,1882.577,69746.0,1882.577,1882.577
2020-11-18 00:00:00,1882.527,1884.719,1863.608,1871.332,78669.0,1871.332,1871.332
2020-11-19 00:00:00,1871.281,1872.743,1852.547,1863.101,83896.0,1863.101,1863.101
2020-11-20 00:00:00,1863.156,1879.697,1860.858,1870.923,72894.0,1870.923,1870.923
2020-11-22 00:00:00,1870.778,1872.086,1870.128,1872.049,2456.0,1872.049,1872.049
2020-11-23 00:00:00,1872.05,1875.988,1830.81,1835.567,81817.0,1835.567,1835.567
2020-11-24 00:00:00,1835.614,1836.234,1800.174,1809.11,98960.0,1809.11,1809.11
2020-11-25 00:00:00,1809.056,1817.625,1801.594,1808.131,79555.0,1808.131,1808.131
2020-11-26 00:00:00,1808.175,1818.211,1805.714,1809.176,49810.0,1809.176,1809.176
2020-11-27 00:00:00,1809.18,1813.698,1774.248,1786.899,70152.0,1786.899,1786.899
2020-11-29 00:00:00,1789.439,1789.747,1785.301,1786.606,2950.0,1786.606,1786.606
2020-11-30 00:00:00,1786.561,1787.351,1764.16,1778.707,93719.0,1778.707,1778.707
2020-12-01 00:00:00,1778.729,1817.205,1776.74,1811.217,81557.0,1811.217,1811.217
2020-12-02 00:00:00,1811.17,1832.344,1807.415,1830.598,80955.0,1830.598,1830.598
2020-12-03 00:00:00,1830.597,1843.846,1823.686,1839.765,80819.0,1839.765,1839.765
2020-12-04 00:00:00,1839.771,1848.052,1828.964,1839.01,76150.0,1839.01,1839.01
2020-12-06 00:00:00,1836.608,1837.985,1832.954,1835.276,4398.0,1835.276,1835.276
2020-12-07 00:00:00,1835.282,1868.386,1822.532,1863.919,79677.0,1863.919,1863.919
2020-12-08 00:00:00,1863.919,1875.208,1860.192,1870.053,77253.0,1870.053,1870.053
2020-12-09 00:00:00,1870.066,1870.427,1825.426,1834.328,94046.0,1834.328,1834.328
2020-12-10 00:00:00,1834.298,1849.949,1828.597,1836.638,88140.0,1836.638,1836.638
2020-12-11 00:00:00,1836.639,1847.615,1823.838,1839.55,76150.0,1839.55,1839.55
2020-12-13 00:00:00,1837.111,1837.993,1835.841,1837.892,3468.0,1837.892,1837.892
2020-12-14 00:00:00,1837.893,1838.956,1818.532,1827.373,73868.0,1827.373,1827.373
2020-12-15 00:00:00,1827.325,1855.25,1825.418,1852.296,76859.0,1852.296,1852.296
2020-12-16 00:00:00,1852.298,1865.631,1844.708,1864.442,91795.0,1864.442,1864.442
2020-12-17 00:00:00,1864.444,1896.101,1861.948,1883.607,88534.0,1883.607,1883.607
2020-12-18 00:00:00,1883.606,1889.58,1877.341,1881.271,80607.0,1881.271,1881.271
2020-12-20 00:00:00,1882.823,1884.935,1882.445,1883.035,3915.0,1883.035,1883.035
2020-12-21 00:00:00,1883.035,1906.667,1854.984,1879.018,130595.0,1879.018,1879.018
2020-12-22 00:00:00,1878.972,1884.196,1858.882,1864.211,94646.0,1864.211,1864.211
2020-12-23 00:00:00,1864.262,1878.493,1856.843,1872.517,87587.0,1872.517,1872.517
2020-12-24 00:00:00,1872.518,1880.507,1869.428,1879.016,57490.0,1879.016,1879.016
2020-12-27 00:00:00,1888.893,1889.77,1885.718,1888.248,5102.0,1888.248,1888.248
2020-12-28 00:00:00,1888.294,1900.127,1869.025,1876.696,92990.0,1876.696,1876.696
2020-12-29 00:00:00,1876.682,1886.313,1871.64,1878.69,76967.0,1878.69,1878.69
2020-12-30 00:00:00,1878.689,1895.329,1876.071,1894.947,73041.0,1894.947,1894.947
2020-12-31 00:00:00,1894.929,1900.29,1885.389,1894.387,63352.0,1894.387,1894.387
2021-01-03 00:00:00,1909.308,1914.896,1907.729,1913.094,7459.0,1913.094,1913.094
2021-01-04 00:00:00,1913.048,1945.563,1909.942,1941.686,98678.0,1941.686,1941.686
2021-01-05 00:00:00,1941.687,1953.14,1934.267,1950.228,94085.0,1950.228,1950.228
2021-01-06 00:00:00,1950.279,1959.29,1900.692,1923.991,128899.0,1923.991,1923.991
2021-01-07 00:00:00,1923.943,1927.597,1906.796,1916.548,101216.0,1916.548,1916.548
2021-01-08 00:00:00,1916.499,1916.605,1828.156,1849.37,140422.0,1849.37,1849.37
2021-01-10 00:00:00,1855.038,1855.537,1841.553,1844.71,9760.0,1844.71,1844.71
2021-01-11 00:00:00,1844.68,1855.472,1816.935,1847.233,126206.0,1847.233,1847.233
2021-01-12 00:00:00,1847.186,1863.726,1836.532,1858.743,102713.0,1858.743,1858.743
2021-01-13 00:00:00,1858.696,1862.935,1841.859,1848.318,86519.0,1848.318,1848.318
2021-01-14 00:00:00,1848.315,1857.455,1830.107,1846.836,97648.0,1846.836,1846.836
2021-01-15 00:00:00,1846.783,1856.935,1823.284,1826.975,89955.0,1826.975,1826.975
2021-01-17 00:00:00,1827.947,1829.232,1802.438,1810.655,13629.0,1810.655,1810.655
2021-01-18 00:00:00,1810.726,1840.697,1810.429,1837.213,70741.0,1837.213,1837.213
2021-01-19 00:00:00,1837.216,1845.426,1832.998,1840.911,73955.0,1840.911,1840.911
2021-01-20 00:00:00,1840.913,1872.313,1832.342,1869.862,90441.0,1869.862,1869.862
2021-01-21 00:00:00,1869.91,1874.996,1858.279,1869.551,83966.0,1869.551,1869.551
2021-01-22 00:00:00,1869.551,1869.85,1837.298,1855.732,91721.0,1855.732,1855.732
2021-01-24 00:00:00,1858.206,1859.405,1856.571,1856.851,4087.0,1856.851,1856.851
2021-01-25 00:00:00,1856.871,1867.825,1847.064,1855.39,89145.0,1855.39,1855.39
2021-01-26 00:00:00,1855.387,1861.62,1848.222,1851.233,75824.0,1851.233,1851.233
2021-01-27 00:00:00,1851.252,1853.036,1831.211,1839.889,89647.0,1839.889,1839.889
2021-01-28 00:00:00,1839.936,1864.035,1833.967,1843.81,110592.0,1843.81,1843.81
2021-01-29 00:00:00,1843.855,1875.519,1839.535,1847.839,119776.0,1847.839,1847.839
2021-01-31 00:00:00,1855.282,1859.901,1851.596,1855.826,14098.0,1855.826,1855.826
2021-02-01 00:00:00,1855.772,1871.716,1849.044,1857.582,129007.0,1857.582,1857.582
2021-02-02 00:00:00,1857.627,1864.005,1829.457,1836.362,111148.0,1836.362,1836.362
2021-02-03 00:00:00,1836.376,1844.825,1829.505,1834.236,82822.0,1834.236,1834.236
2021-02-04 00:00:00,1834.218,1834.601,1784.866,1795.793,101171.0,1795.793,1795.793
2021-02-05 00:00:00,1795.84,1815.038,1792.013,1814.135,87280.0,1814.135,1814.135
2021-02-07 00:00:00,1817.259,1818.709,1815.763,1817.97,4825.0,1817.97,1817.97
2021-02-08 00:00:00,1817.923,1839.044,1807.705,1830.481,83431.0,1830.481,1830.481
2021-02-09 00:00:00,1830.478,1848.472,1829.92,1836.087,82579.0,1836.087,1836.087
2021-02-10 00:00:00,1836.085,1855.299,1833.996,1841.956,85380.0,1841.956,1841.956
2021-02-11 00:00:00,1841.956,1847.46,1820.983,1826.652,77499.0,1826.652,1826.652
2021-02-12 00:00:00,1826.655,1830.614,1810.436,1824.229,73522.0,1824.229,1824.229
2021-02-14 00:00:00,1824.898,1825.77,1820.1,1820.939,4963.0,1820.939,1820.939
2021-02-15 00:00:00,1820.988,1826.927,1816.013,1818.654,53783.0,1818.654,1818.654
2021-02-16 00:00:00,1818.651,1826.391,1786.855,1788.348,101690.0,1788.348,1788.348
2021-02-17 00:00:00,1788.298,1795.091,1769.408,1778.143,103061.0,1778.143,1778.143
2021-02-18 00:00:00,1778.142,1789.559,1768.345,1771.659,90338.0,1771.659,1771.659
2021-02-19 00:00:00,1771.609,1791.504,1760.626,1784.049,105173.0,1784.049,1784.049
2021-02-21 00:00:00,1786.332,1788.083,1781.291,1783.358,7052.0,1783.358,1783.358
2021-02-22 00:00:00,1783.408,1812.551,1780.648,1810.406,99802.0,1810.406,1810.406
2021-02-23 00:00:00,1810.41,1815.906,1795.606,1805.766,92458.0,1805.766,1805.766
2021-02-24 00:00:00,1805.795,1813.717,1783.473,1802.995,101166.0,1802.995,1802.995
2021-02-25 00:00:00,1803.002,1804.143,1765.136,1769.86,143949.0,1769.86,1769.86
2021-02-26 00:00:00,1769.909,1775.714,1717.03,1734.649,192982.0,1734.649,1734.649
2021-02-28 00:00:00,1737.958,1739.94,1735.286,1739.239,8441.0,1739.239,1739.239
2021-03-01 00:00:00,1739.206,1759.715,1719.641,1724.988,131756.0,1724.988,1724.988
2021-03-02 00:00:00,1724.957,1740.464,1707.039,1736.558,138751.0,1736.558,1736.558
2021-03-03 00:00:00,1736.547,1737.475,1701.613,1710.468,141388.0,1710.468,1710.468
2021-03-04 00:00:00,1710.464,1723.1,1690.443,1694.31,178878.0,1694.31,1694.31
2021-03-05 00:00:00,1694.277,1707.631,1687.18,1700.836,153035.0,1700.836,1700.836
2021-03-07 00:00:00,1706.301,1713.915,1706.268,1707.726,9666.0,1707.726,1707.726
2021-03-08 00:00:00,1707.706,1714.253,1676.627,1684.653,129373.0,1684.653,1684.653
2021-03-09 00:00:00,1684.62,1720.566,1680.179,1715.881,125434.0,1715.881,1715.881
2021-03-10 00:00:00,1715.864,1727.104,1708.131,1726.691,120247.0,1726.691,1726.691
2021-03-11 00:00:00,1726.699,1739.804,1719.025,1722.645,114329.0,1722.645,1722.645
2021-03-12 00:00:00,1722.676,1729.171,1699.094,1726.749,122265.0,1726.749,1726.749
2021-03-14 00:00:00,1728.251,1728.348,1724.244,1725.335,10552.0,1725.335,1725.335
2021-03-15 00:00:00,1725.33,1734.524,1721.616,1730.698,105663.0,1730.698,1730.698
2021-03-16 00:00:00,1730.665,1741.077,1725.847,1731.595,101536.0,1731.595,1731.595
2021-03-17 00:00:00,1731.546,1751.549,1723.856,1748.465,116973.0,1748.465,1748.465
2021-03-18 00:00:00,1748.464,1755.478,1719.08,1735.193,140629.0,1735.193,1735.193
2021-03-19 00:00:00,1735.188,1746.644,1728.484,1745.127,116359.0,1745.127,1745.127
2021-03-21 00:00:00,1743.714,1744.315,1737.981,1738.214,11848.0,1738.214,1738.214
2021-03-22 00:00:00,1738.182,1743.047,1727.126,1739.306,103430.0,1739.306,1739.306
2021-03-23 00:00:00,1739.3,1742.509,1724.663,1727.082,104768.0,1727.082,1727.082
2021-03-24 00:00:00,1727.097,1738.364,1723.546,1734.483,93612.0,1734.483,1734.483
2021-03-25 00:00:00,1734.492,1745.401,1721.498,1727.293,109149.0,1727.293,1727.293
2021-03-26 00:00:00,1727.316,1736.683,1721.448,1732.329,86065.0,1732.329,1732.329
2021-03-28 00:00:00,1731.377,1732.549,1730.611,1730.999,7120.0,1730.999,1730.999
2021-03-29 00:00:00,1731.014,1732.835,1705.736,1711.932,92570.0,1711.932,1711.932
2021-03-30 00:00:00,1711.938,1714.342,1678.392,1685.489,115453.0,1685.489,1685.489
2021-03-31 00:00:00,1685.488,1715.214,1677.769,1707.403,107528.0,1707.403,1707.403
2021-04-01 00:00:00,1707.405,1730.545,1705.761,1729.75,103831.0,1729.75,1729.75
2021-04-04 00:00:00,1728.462,1729.917,1726.908,1728.011,9834.0,1728.011,1728.011
2021-04-05 00:00:00,1727.974,1733.491,1721.285,1729.367,92761.0,1729.367,1729.367
2021-04-06 00:00:00,1729.367,1745.434,1727.505,1743.252,104288.0,1743.252,1743.252
2021-04-07 00:00:00,1743.217,1743.332,1730.607,1736.836,93823.0,1736.836,1736.836
2021-04-08 00:00:00,1736.806,1758.645,1733.133,1754.148,94174.0,1754.148,1754.148
2021-04-09 00:00:00,1754.178,1757.281,1731.102,1743.842,102691.0,1743.842,1743.842
2021-04-11 00:00:00,1742.481,1743.475,1740.49,1741.591,7527.0,1741.591,1741.591
2021-04-12 00:00:00,1741.557,1744.932,1727.324,1731.898,97822.0,1731.898,1731.898
2021-04-13 00:00:00,1731.902,1748.878,1723.591,1746.581,114901.0,1746.581,1746.581
2021-04-14 00:00:00,1746.575,1749.367,1732.473,1736.625,102970.0,1736.625,1736.625
2021-04-15 00:00:00,1736.595,1769.581,1734.297,1763.901,113908.0,1763.901,1763.901
2021-04-16 00:00:00,1763.87,1783.789,1759.729,1776.523,101046.0,1776.523,1776.523
2021-04-18 00:00:00,1775.64,1778.053,1774.762,1776.723,7268.0,1776.723,1776.723
2021-04-19 00:00:00,1776.692,1789.987,1766.526,1772.112,106751.0,1772.112,1772.112
2021-04-20 00:00:00,1772.115,1780.365,1763.547,1776.737,114285.0,1776.737,1776.737
2021-04-21 00:00:00,1776.742,1797.549,1776.454,1793.57,96336.0,1793.57,1793.57
2021-04-22 00:00:00,1793.619,1797.756,1777.332,1783.136,103024.0,1783.136,1783.136
2021-04-23 00:00:00,1783.126,1795.879,1769.753,1777.023,95581.0,1777.023,1777.023
2021-04-25 00:00:00,1775.596,1775.98,1773.86,1774.789,5751.0,1774.789,1774.789
2021-04-26 00:00:00,1774.803,1783.439,1768.539,1780.04,96253.0,1780.04,1780.04
2021-04-27 00:00:00,1780.046,1785.514,1773.492,1775.436,93515.0,1775.436,1775.436
2021-04-28 00:00:00,1775.43,1783.905,1762.458,1783.818,111860.0,1783.818,1783.818
2021-04-29 00:00:00,1783.782,1789.896,1755.874,1773.221,110915.0,1773.221,1773.221
2021-04-30 00:00:00,1773.22,1773.22,1764.164,1768.776,102953.0,1768.776,1768.776
2021-05-02 00:00:00,1767.058,1769.024,1766.046,1769.017,6513.0,1769.017,1769.017
2021-05-03 00:00:00,1768.98,1797.826,1767.314,1792.472,87090.0,1792.472,1792.472
2021-05-04 00:00:00,1792.425,1798.951,1770.571,1778.627,106706.0,1778.627,1778.627
2021-05-05 00:00:00,1778.595,1787.898,1770.306,1785.219,96111.0,1785.219,1785.219
2021-05-06 00:00:00,1785.22,1817.973,1781.934,1814.725,90328.0,1814.725,1814.725
2021-05-07 00:00:00,1814.715,1843.262,1812.845,1830.979,117988.0,1830.979,1830.979
2021-05-09 00:00:00,1832.896,1836.787,1831.996,1836.162,8380.0,1836.162,1836.162
2021-05-10 00:00:00,1836.184,1845.322,1829.947,1836.043,94451.0,1836.043,1836.043
2021-05-11 00:00:00,1836.045,1841.709,1817.796,1835.433,98093.0,1835.433,1835.433
2021-05-12 00:00:00,1835.438,1843.462,1813.23,1817.489,116434.0,1817.489,1817.489
2021-05-13 00:00:00,1817.443,1828.609,1808.675,1825.024,97603.0,1825.024,1825.024
2021-05-14 00:00:00,1825.026,1845.923,1819.661,1843.486,85594.0,1843.486,1843.486
2021-05-16 00:00:00,1843.784,1847.964,1843.784,1847.074,7759.0,1847.074,1847.074
2021-05-17 00:00:00,1847.049,1868.974,1843.54,1868.913,83399.0,1868.913,1868.913
2021-05-18 00:00:00,1868.871,1874.875,1863.164,1870.086,83198.0,1870.086,1870.086
2021-05-19 00:00:00,1870.085,1889.986,1852.125,1865.806,113425.0,1865.806,1865.806
2021-05-20 00:00:00,1865.852,1883.77,1863.801,1873.961,86644.0,1873.961,1873.961
2021-05-21 00:00:00,1873.94,1889.284,1870.065,1881.659,80927.0,1881.659,1881.659
2021-05-23 00:00:00,1880.985,1883.761,1880.148,1883.459,6024.0,1883.459,1883.459
2021-05-24 00:00:00,1883.457,1886.973,1875.167,1877.361,74684.0,1877.361,1877.361
2021-05-25 00:00:00,1877.323,1900.177,1872.613,1898.083,83832.0,1898.083,1898.083
2021-05-26 00:00:00,1898.082,1912.616,1890.655,1896.06,83218.0,1896.06,1896.06
2021-05-27 00:00:00,1896.07,1903.53,1888.111,1897.969,81577.0,1897.969,1897.969
2021-05-28 00:00:00,1897.992,1905.947,1882.063,1903.706,78735.0,1903.706,1903.706
2021-05-30 00:00:00,1903.805,1904.75,1903.214,1903.798,4828.0,1903.798,1903.798
2021-05-31 00:00:00,1903.845,1910.544,1902.063,1907.978,49864.0,1907.978,1907.978
2021-06-01 00:00:00,1907.987,1916.446,1892.35,1898.747,80275.0,1898.747,1898.747
2021-06-02 00:00:00,1898.751,1909.474,1894.25,1907.752,71644.0,1907.752,1907.752
2021-06-03 00:00:00,1907.756,1909.463,1863.442,1870.865,90377.0,1870.865,1870.865
2021-06-04 00:00:00,1870.856,1896.047,1855.573,1891.138,81372.0,1891.138,1891.138
2021-06-06 00:00:00,1889.994,1890.631,1888.646,1889.265,4562.0,1889.265,1889.265
2021-06-07 00:00:00,1889.246,1900.028,1881.455,1898.633,71255.0,1898.633,1898.633
2021-06-08 00:00:00,1898.622,1903.673,1883.74,1893.327,75925.0,1893.327,1893.327
2021-06-09 00:00:00,1893.315,1898.912,1887.254,1888.618,68567.0,1888.618,1888.618
2021-06-10 00:00:00,1888.632,1899.808,1869.798,1898.318,89758.0,1898.318,1898.318
2021-06-11 00:00:00,1898.294,1902.856,1874.321,1877.401,75860.0,1877.401,1877.401
2021-06-13 00:00:00,1876.16,1877.608,1873.194,1873.652,7570.0,1873.652,1873.652
2021-06-14 00:00:00,1873.604,1873.737,1844.212,1866.768,81551.0,1866.768,1866.768
2021-06-15 00:00:00,1866.757,1869.046,1851.529,1857.846,78065.0,1857.846,1857.846
2021-06-16 00:00:00,1857.892,1863.506,1803.264,1818.733,107445.0,1818.733,1818.733
2021-06-17 00:00:00,1818.758,1825.188,1766.982,1776.719,137725.0,1776.719,1776.719
2021-06-18 00:00:00,1776.672,1797.122,1760.86,1764.562,134267.0,1764.562,1764.562
2021-06-20 00:00:00,1768.728,1770.029,1767.355,1769.324,10146.0,1769.324,1769.324
2021-06-21 00:00:00,1769.32,1787.564,1766.41,1783.5,122405.0,1783.5,1783.5
2021-06-22 00:00:00,1783.49,1790.051,1772.255,1777.581,99541.0,1777.581,1777.581
2021-06-23 00:00:00,1777.578,1794.85,1773.162,1777.32,95711.0,1777.32,1777.32
2021-06-24 00:00:00,1777.32,1787.958,1772.832,1775.204,90167.0,1775.204,1775.204
2021-06-25 00:00:00,1775.204,1790.271,1773.694,1781.361,85909.0,1781.361,1781.361
2021-06-27 00:00:00,1781.264,1782.753,1780.545,1781.905,5695.0,1781.905,1781.905
2021-06-28 00:00:00,1781.858,1785.669,1770.538,1778.108,88786.0,1778.108,1778.108
2021-06-29 00:00:00,1778.097,1778.94,1750.621,1761.441,106264.0,1761.441,1761.441
2021-06-30 00:00:00,1761.456,1774.372,1753.297,1768.131,98720.0,1768.131,1768.131
2021-07-01 00:00:00,1768.132,1782.757,1765.633,1775.505,97488.0,1775.505,1775.505
2021-07-02 00:00:00,1775.495,1794.983,1774.291,1787.446,95114.0,1787.446,1787.446
2021-07-04 00:00:00,1787.277,1787.581,1785.461,1786.184,5240.0,1786.184,1786.184
2021-07-05 00:00:00,1786.187,1794.547,1784.426,1791.224,49850.0,1791.224,1791.424
2021-07-06 00:00:00,1791.212,1814.961,1789.852,1795.55,88022.0,1795.55,1795.75
2021-07-07 00:00:00,1795.503,1809.674,1793.869,1803.285,82056.0,1803.285,1803.4850000000001
2021-07-08 00:00:00,1803.28,1818.312,1793.986,1803.723,91930.0,1803.723,1803.923
2021-07-09 00:00:00,1803.736,1812.27,1796.594,1808.222,75868.0,1808.222,1808.422
2021-07-11 00:00:00,1808.049,1808.455,1806.301,1806.405,5105.0,1806.405,1806.405
2021-07-12 00:00:00,1806.452,1810.773,1791.409,1807.082,72109.0,1807.082,1807.2820000000002
2021-07-13 00:00:00,1807.079,1816.915,1798.539,1805.994,79085.0,1805.994,1806.194
2021-07-14 00:00:00,1805.999,1829.707,1804.457,1826.375,77940.0,1826.375,1826.575
2021-07-15 00:00:00,1826.376,1834.039,1820.217,1829.45,73364.0,1829.45,1829.65
2021-07-16 00:00:00,1829.45,1831.446,1808.937,1812.007,75798.0,1812.007,1812.307
2021-07-18 00:00:00,1811.224,1815.844,1810.351,1815.7,6669.0,1815.7,1815.7
2021-07-19 00:00:00,1815.7,1817.25,1794.815,1811.304,83599.0,1811.304,1811.5040000000001
2021-07-20 00:00:00,1811.325,1824.88,1804.85,1809.737,79727.0,1809.737,1809.737
2021-07-21 00:00:00,1809.735,1813.643,1794.42,1802.54,75098.0,1802.54,1802.74
2021-07-22 00:00:00,1802.492,1808.426,1792.692,1807.081,72781.0,1807.081,1807.281
2021-07-23 00:00:00,1807.077,1810.26,1789.193,1802.126,66651.0,1802.126,1802.326
2021-07-25 00:00:00,1802.274,1802.712,1800.053,1800.344,4238.0,1800.344,1800.344
2021-07-26 00:00:00,1800.329,1811.448,1796.276,1797.55,65304.0,1797.55,1797.55
2021-07-27 00:00:00,1797.556,1805.172,1793.382,1799.856,69623.0,1799.856,1799.856
2021-07-28 00:00:00,1799.873,1810.216,1792.394,1809.307,77659.0,1809.307,1809.507
2021-07-29 00:00:00,1809.275,1832.548,1808.585,1830.189,68510.0,1830.189,1830.489
2021-07-30 00:00:00,1830.198,1831.257,1810.141,1813.934,60194.0,1813.934,1814.234
2021-08-01 00:00:00,1814.431,1814.955,1812.009,1813.79,5232.0,1813.79,1813.79
2021-08-02 00:00:00,1813.796,1819.432,1805.525,1812.447,64882.0,1812.447,1812.647
2021-08-03 00:00:00,1812.492,1814.924,1806.999,1811.071,54644.0,1811.071,1811.271
2021-08-04 00:00:00,1811.063,1831.657,1806.308,1811.616,67227.0,1811.616,1811.816
2021-08-05 00:00:00,1811.614,1814.766,1797.515,1803.396,60225.0,1803.396,1803.696
2021-08-06 00:00:00,1803.351,1803.601,1758.355,1763.819,87291.0,1763.819,1764.019
2021-08-08 00:00:00,1761.426,1762.323,1686.784,1719.053,69301.0,1719.053,1719.053
2021-08-09 00:00:00,1719.031,1752.663,1706.031,1731.457,148310.0,1731.457,1731.6570000000002
2021-08-10 00:00:00,1731.45,1738.24,1717.704,1726.89,91847.0,1726.89,1727.0900000000001
2021-08-11 00:00:00,1726.899,1754.265,1723.979,1752.326,101089.0,1752.326,1752.526
2021-08-12 00:00:00,1752.311,1758.105,1741.322,1753.415,86793.0,1753.415,1753.615
2021-08-13 00:00:00,1753.382,1779.901,1751.651,1779.509,71770.0,1779.509,1779.709
2021-08-15 00:00:00,1779.017,1779.976,1778.408,1778.758,5671.0,1778.758,1778.758
2021-08-16 00:00:00,1778.763,1789.175,1770.84,1787.457,75309.0,1787.457,1787.457
2021-08-17 00:00:00,1787.424,1795.519,1780.495,1786.126,72356.0,1786.126,1786.126
2021-08-18 00:00:00,1786.121,1793.685,1777.122,1787.381,73590.0,1787.381,1787.381
2021-08-19 00:00:00,1787.379,1792.366,1774.073,1778.962,82193.0,1778.962,1778.962
2021-08-20 00:00:00,1778.97,1788.339,1778.279,1781.235,62967.0,1781.235,1781.435
2021-08-22 00:00:00,1781.378,1782.284,1777.329,1778.626,4530.0,1778.626,1778.626
2021-08-23 00:00:00,1778.613,1806.232,1776.413,1804.758,64974.0,1804.758,1804.758
2021-08-24 00:00:00,1804.712,1809.502,1800.678,1801.705,56965.0,1801.705,1801.705
2021-08-25 00:00:00,1801.715,1802.593,1782.356,1791.52,66709.0,1791.52,1791.52
2021-08-26 00:00:00,1791.518,1798.112,1779.77,1793.451,66766.0,1793.451,1793.451
2021-08-27 00:00:00,1793.4,1819.125,1784.41,1816.778,76983.0,1816.778,1816.978
2021-08-29 00:00:00,1817.936,1819.111,1817.133,1818.39,4404.0,1818.39,1818.39
2021-08-30 00:00:00,1818.386,1823.157,1807.65,1810.386,54478.0,1810.386,1810.386
2021-08-31 00:00:00,1810.341,1819.047,1801.544,1814.435,65679.0,1814.435,1814.435
2021-09-01 00:00:00,1814.426,1819.911,1808.588,1813.02,61917.0,1813.02,1813.02
2021-09-02 00:00:00,1813.018,1817.008,1804.63,1809.364,52008.0,1809.364,1809.364
2021-09-03 00:00:00,1809.362,1833.859,1808.878,1827.573,64079.0,1827.573,1827.873
2021-09-05 00:00:00,1828.089,1830.149,1827.417,1827.555,4329.0,1827.555,1827.555
2021-09-06 00:00:00,1827.545,1828.416,1821.315,1823.518,34622.0,1823.518,1823.518
2021-09-07 00:00:00,1823.52,1827.179,1792.28,1795.591,67392.0,1795.591,1795.591
2021-09-08 00:00:00,1795.589,1802.087,1782.3,1790.691,72204.0,1790.691,1790.691
2021-09-09 00:00:00,1790.683,1800.893,1783.752,1794.676,72147.0,1794.676,1794.676
2021-09-10 00:00:00,1794.695,1803.772,1787.08,1787.614,64244.0,1787.614,1787.814
2021-09-12 00:00:00,1787.288,1788.683,1786.96,1787.298,3528.0,1787.298,1787.298
2021-09-13 00:00:00,1787.29,1798.314,1783.442,1792.955,65179.0,1792.955,1792.955
2021-09-14 00:00:00,1792.956,1808.59,1780.279,1803.691,70531.0,1803.691,1803.691
2021-09-15 00:00:00,1803.701,1806.763,1790.604,1795.002,65973.0,1795.002,1795.002
2021-09-16 00:00:00,1794.956,1796.083,1745.019,1753.842,102606.0,1753.842,1753.842
2021-09-17 00:00:00,1753.841,1767.452,1747.306,1754.536,89896.0,1754.536,1754.736
2021-09-19 00:00:00,1754.698,1755.162,1751.188,1754.121,8277.0,1754.121,1754.121
2021-09-20 00:00:00,1754.118,1766.923,1741.741,1764.948,86246.0,1764.948,1764.948
2021-09-21 00:00:00,1764.917,1781.613,1757.869,1774.882,78140.0,1774.882,1774.882
2021-09-22 00:00:00,1774.886,1787.164,1764.582,1766.952,100507.0,1766.952,1766.952
2021-09-23 00:00:00,1766.984,1776.51,1737.392,1746.198,100528.0,1746.198,1746.198
2021-09-24 00:00:00,1746.201,1757.561,1740.411,1750.494,79889.0,1750.494,1750.694
2021-09-26 00:00:00,1750.033,1750.774,1748.214,1749.495,4179.0,1749.495,1749.495
2021-09-27 00:00:00,1749.526,1760.795,1744.608,1751.211,83493.0,1751.211,1751.211
2021-09-28 00:00:00,1751.215,1754.411,1728.069,1735.3,107255.0,1735.3,1735.3
2021-09-29 00:00:00,1735.309,1745.472,1721.571,1728.823,95702.0,1728.823,1728.823
2021-09-30 00:00:00,1728.854,1764.08,1722.212,1753.077,99704.0,1753.077,1753.077
2021-10-01 00:00:00,1753.07,1764.191,1749.685,1760.453,95092.0,1760.453,1760.653
2021-10-03 00:00:00,1760.954,1765.195,1760.954,1763.152,7492.0,1763.152,1763.152
2021-10-04 00:00:00,1763.151,1770.487,1747.627,1768.073,92977.0,1768.073,1768.073
2021-10-05 00:00:00,1768.042,1768.32,1748.561,1759.287,84519.0,1759.287,1759.287
2021-10-06 00:00:00,1759.285,1765.063,1745.822,1763.946,96994.0,1763.946,1763.946
2021-10-07 00:00:00,1763.913,1766.891,1751.935,1755.094,79192.0,1755.094,1755.094
2021-10-08 00:00:00,1755.097,1781.292,1753.32,1757.212,94235.0,1757.212,1757.412
2021-10-10 00:00:00,1757.272,1757.764,1750.915,1753.953,8798.0,1753.953,1753.953
2021-10-11 00:00:00,1753.956,1760.948,1750.128,1753.295,68162.0,1753.295,1753.295
2021-10-12 00:00:00,1753.334,1769.3,1750.71,1760.362,87229.0,1760.362,1760.362
2021-10-13 00:00:00,1760.331,1795.969,1757.826,1791.652,91131.0,1791.652,1791.652
2021-10-14 00:00:00,1791.698,1800.406,1786.647,1795.329,61620.0,1795.329,1795.329
2021-10-15 00:00:00,1795.327,1796.369,1764.652,1767.427,79571.0,1767.427,1767.627
2021-10-17 00:00:00,1766.961,1772.013,1764.565,1770.952,6830.0,1770.952,1770.952
2021-10-18 00:00:00,1770.983,1772.007,1760.276,1763.948,91207.0,1763.948,1763.948
2021-10-19 00:00:00,1763.964,1785.062,1763.269,1768.661,85397.0,1768.661,1768.861
2021-10-20 00:00:00,1768.664,1788.368,1766.839,1781.408,81100.0,1781.408,1781.608
2021-10-21 00:00:00,1781.376,1789.366,1776.245,1784.594,85974.0,1784.594,1784.794
2021-10-22 00:00:00,1784.561,1813.56,1782.595,1792.853,80364.0,1792.853,1793.053
2021-10-24 00:00:00,1792.926,1794.371,1792.388,1794.301,2852.0,1794.301,1794.501
2021-10-25 00:00:00,1794.347,1809.717,1792.182,1807.792,65577.0,1807.792,1807.992
2021-10-26 00:00:00,1807.777,1807.848,1782.191,1793.554,77581.0,1793.554,1793.7540000000001
2021-10-27 00:00:00,1793.571,1799.027,1783.397,1796.583,90841.0,1796.583,1796.7830000000001
2021-10-28 00:00:00,1796.552,1810.38,1791.986,1799.575,108937.0,1799.575,1799.775
2021-10-29 00:00:00,1799.559,1799.944,1771.896,1783.296,108246.0,1783.296,1783.496
2021-10-31 00:00:00,1783.269,1783.269,1779.055,1780.026,3100.0,1780.026,1780.226
2021-11-01 00:00:00,1780.02,1795.686,1779.988,1792.047,77556.0,1792.047,1792.247
2021-11-02 00:00:00,1792.077,1796.349,1786.064,1787.125,77070.0,1787.125,1787.325
2021-11-03 00:00:00,1787.099,1787.579,1758.534,1777.242,111343.0,1777.242,1777.442
2021-11-04 00:00:00,1777.274,1798.894,1770.762,1791.317,87518.0,1791.317,1791.517
2021-11-05 00:00:00,1791.322,1818.269,1784.842,1818.124,101560.0,1818.124,1818.324
2021-11-07 00:00:00,1815.75,1818.072,1815.47,1815.82,2370.0,1815.82,1816.02
2021-11-08 00:00:00,1815.83,1826.395,1812.403,1824.501,81628.0,1824.501,1824.701
2021-11-09 00:00:00,1824.498,1832.624,1819.119,1829.861,88034.0,1829.861,1830.0610000000001
2021-11-10 00:00:00,1829.858,1868.193,1822.076,1848.511,113364.0,1848.511,1848.711
2021-11-11 00:00:00,1848.493,1865.739,1842.86,1862.286,82000.0,1862.286,1862.486
2021-11-12 00:00:00,1862.285,1868.574,1845.229,1864.361,86385.0,1864.361,1864.5610000000001
2021-11-14 00:00:00,1866.804,1867.783,1865.24,1865.476,2251.0,1865.476,1865.6760000000002
2021-11-15 00:00:00,1865.49,1870.267,1856.308,1862.387,78143.0,1862.387,1862.587
2021-11-16 00:00:00,1862.356,1877.067,1849.644,1850.311,99080.0,1850.311,1850.511
2021-11-17 00:00:00,1850.313,1868.063,1849.53,1866.479,78536.0,1866.479,1866.679
2021-11-18 00:00:00,1866.507,1870.883,1855.023,1859.578,83759.0,1859.578,1859.778
2021-11-19 00:00:00,1859.585,1865.621,1842.815,1846.196,101421.0,1846.196,1846.396
2021-11-21 00:00:00,1842.207,1847.169,1841.485,1844.89,3838.0,1844.89,1845.0900000000001
2021-11-22 00:00:00,1844.879,1849.046,1802.202,1808.997,114374.0,1808.997,1809.1970000000001
2021-11-23 00:00:00,1809.027,1812.37,1781.914,1790.875,112660.0,1790.875,1791.075
2021-11-24 00:00:00,1790.91,1796.354,1778.15,1789.664,98736.0,1789.664,1789.664
2021-11-25 00:00:00,1789.698,1795.027,1787.851,1792.628,44282.0,1792.628,1792.828
2021-11-26 00:00:00,1792.616,1815.467,1780.054,1787.433,106340.0,1787.433,1787.433
2021-11-28 00:00:00,1788.597,1795.644,1780.188,1795.371,6519.0,1795.371,1795.5710000000001
2021-11-29 00:00:00,1795.34,1799.361,1781.122,1786.826,98862.0,1786.826,1787.026
2021-11-30 00:00:00,1786.816,1808.561,1769.831,1773.206,139333.0,1773.206,1773.406
2021-12-01 00:00:00,1773.209,1794.267,1772.598,1781.825,121612.0,1781.825,1782.025
2021-12-02 00:00:00,1781.812,1781.971,1761.841,1768.989,104010.0,1768.989,1769.189
2021-12-03 00:00:00,1768.985,1786.072,1766.078,1783.414,109951.0,1783.414,1783.614
2021-12-05 00:00:00,1782.102,1784.094,1780.691,1782.901,2235.0,1782.901,1783.101
2021-12-06 00:00:00,1782.933,1787.683,1775.506,1780.931,77827.0,1780.931,1781.131
2021-12-07 00:00:00,1780.899,1787.791,1771.828,1784.719,74328.0,1784.719,1784.919
2021-12-08 00:00:00,1784.685,1793.061,1779.53,1783.494,78974.0,1783.494,1783.694
2021-12-09 00:00:00,1783.474,1787.554,1773.417,1776.327,77263.0,1776.327,1776.527
2021-12-10 00:00:00,1776.329,1789.123,1769.919,1782.805,76575.0,1782.805,1783.005
2021-12-12 00:00:00,1782.732,1784.389,1782.71,1783.216,1672.0,1783.216,1783.416
2021-12-13 00:00:00,1783.217,1791.381,1781.725,1785.722,62109.0,1785.722,1785.922
2021-12-14 00:00:00,1785.754,1789.462,1766.419,1772.453,74050.0,1772.453,1772.653
2021-12-15 00:00:00,1772.485,1781.434,1753.053,1779.456,104129.0,1779.456,1779.656
2021-12-16 00:00:00,1779.466,1799.621,1775.504,1798.708,83317.0,1798.708,1798.9080000000001
2021-12-17 00:00:00,1798.738,1814.191,1795.794,1798.064,76676.0,1798.064,1798.2640000000001
2021-12-19 00:00:00,1800.61,1801.676,1799.386,1800.067,2260.0,1800.067,1800.267
2021-12-20 00:00:00,1800.065,1804.089,1788.286,1791.617,72693.0,1791.617,1791.817
2021-12-21 00:00:00,1791.622,1800.238,1784.568,1790.466,68099.0,1790.466,1790.666
2021-12-22 00:00:00,1790.47,1804.962,1785.846,1803.662,61508.0,1803.662,1803.862
2021-12-23 00:00:00,1803.66,1810.687,1798.609,1808.451,57419.0,1808.451,1808.651
2021-12-26 00:00:00,1806.207,1808.526,1805.977,1807.259,1459.0,1807.259,1807.459
2021-12-27 00:00:00,1807.26,1813.384,1802.871,1812.348,53307.0,1812.348,1812.548
2021-12-28 00:00:00,1812.36,1820.191,1805.006,1806.56,58071.0,1806.56,1806.76
2021-12-29 00:00:00,1806.557,1807.626,1789.212,1804.526,66300.0,1804.526,1804.726
2021-12-30 00:00:00,1804.533,1817.117,1796.118,1815.703,61958.0,1815.703,1815.903
2021-12-31 00:00:00,1815.704,1828.722,1814.704,1827.615,57512.0,1827.615,1827.815
2022-01-02 00:00:00,1830.615,1831.73,1828.021,1828.452,1679.0,1828.452,1828.652
2022-01-03 00:00:00,1828.453,1831.542,1798.304,1804.101,75996.0,1804.101,1804.3010000000002
2022-01-04 00:00:00,1804.127,1816.68,1798.452,1813.873,78872.0,1813.873,1814.073
2022-01-05 00:00:00,1813.885,1829.591,1808.259,1810.244,79722.0,1810.244,1810.444
2022-01-06 00:00:00,1810.275,1811.475,1786.332,1791.365,98835.0,1791.365,1791.565
2022-01-07 00:00:00,1791.381,1798.604,1782.289,1796.899,85390.0,1796.899,1797.099
2022-01-09 00:00:00,1794.898,1796.069,1794.505,1795.145,1987.0,1795.145,1795.345
2022-01-10 00:00:00,1795.117,1802.899,1790.033,1801.225,77444.0,1801.225,1801.225
2022-01-11 00:00:00,1801.195,1823.249,1801.195,1820.722,77420.0,1820.722,1820.922
2022-01-12 00:00:00,1820.714,1828.061,1814.465,1825.277,74394.0,1825.277,1825.477
2022-01-13 00:00:00,1825.28,1828.107,1812.206,1820.818,71647.0,1820.818,1821.018
2022-01-14 00:00:00,1820.817,1829.045,1814.63,1817.639,79136.0,1817.639,1817.839
2022-01-16 00:00:00,1817.663,1818.081,1815.859,1816.379,1623.0,1816.379,1816.579
2022-01-17 00:00:00,1816.377,1823.141,1813.109,1819.029,41119.0,1819.029,1819.229
2022-01-18 00:00:00,1818.985,1822.726,1805.622,1814.21,92033.0,1814.21,1814.41
2022-01-19 00:00:00,1814.231,1843.326,1810.075,1838.495,83925.0,1838.495,1838.695
2022-01-20 00:00:00,1838.496,1847.646,1835.68,1838.889,81810.0,1838.889,1839.089
2022-01-21 00:00:00,1838.895,1843.095,1828.126,1834.664,85163.0,1834.664,1834.864
2022-01-23 00:00:00,1833.144,1837.088,1833.123,1834.669,2717.0,1834.669,1834.8690000000001
2022-01-24 00:00:00,1834.699,1844.124,1829.487,1843.521,90979.0,1843.521,1843.721
2022-01-25 00:00:00,1843.527,1853.785,1834.517,1849.526,86388.0,1849.526,1849.726
2022-01-26 00:00:00,1849.505,1849.51,1814.84,1821.928,107547.0,1821.928,1822.1280000000002
2022-01-27 00:00:00,1821.924,1821.949,1791.677,1797.205,109475.0,1797.205,1797.405
2022-01-28 00:00:00,1797.232,1799.343,1779.895,1791.634,97690.0,1791.634,1791.834
2022-01-30 00:00:00,1789.345,1790.575,1788.327,1789.464,2523.0,1789.464,1789.664
2022-01-31 00:00:00,1789.494,1799.841,1785.425,1797.738,81360.0,1797.738,1797.738
2022-02-01 00:00:00,1797.736,1808.434,1795.718,1800.694,81628.0,1800.694,1800.694
2022-02-02 00:00:00,1800.711,1810.736,1794.309,1807.83,73828.0,1807.83,1807.83
2022-02-03 00:00:00,1807.797,1808.931,1788.521,1805.719,88759.0,1805.719,1805.719
2022-02-04 00:00:00,1805.691,1814.862,1792.076,1807.732,93064.0,1807.732,1807.732
2022-02-06 00:00:00,1808.436,1811.438,1807.877,1810.028,2355.0,1810.028,1810.228
2022-02-07 00:00:00,1810.035,1823.503,1808.678,1822.004,75537.0,1822.004,1822.204
2022-02-08 00:00:00,1821.979,1828.737,1815.397,1826.134,67221.0,1826.134,1826.334
2022-02-09 00:00:00,1825.759,1835.783,1824.374,1832.541,64005.0,1832.541,1832.541
2022-02-10 00:00:00,1832.543,1841.879,1821.482,1826.796,105530.0,1826.796,1826.996
2022-02-11 00:00:00,1826.765,1865.332,1820.681,1858.955,125930.0,1858.955,1858.955
2022-02-13 00:00:00,1855.608,1861.547,1855.387,1859.538,4308.0,1859.538,1859.738
2022-02-14 00:00:00,1859.568,1874.102,1850.562,1871.048,110579.0,1871.048,1871.048
2022-02-15 00:00:00,1871.07,1879.466,1844.081,1852.964,102208.0,1852.964,1852.964
2022-02-16 00:00:00,1852.951,1872.512,1850.275,1869.906,84884.0,1869.906,1870.106
2022-02-17 00:00:00,1869.938,1900.989,1867.772,1899.944,117794.0,1899.944,1900.144
2022-02-18 00:00:00,1899.977,1902.395,1886.288,1897.807,90004.0,1897.807,1898.007
2022-02-20 00:00:00,1903.076,1906.406,1900.349,1904.863,3825.0,1904.863,1905.063
2022-02-21 00:00:00,1904.861,1914.09,1887.562,1909.377,78512.0,1909.377,1909.577
2022-02-22 00:00:00,1909.376,1913.754,1891.161,1898.158,103098.0,1898.158,1898.358
2022-02-23 00:00:00,1898.156,1911.524,1889.367,1910.758,84919.0,1910.758,1910.958
2022-02-24 00:00:00,1910.754,1974.331,1877.772,1906.531,248192.0,1906.531,1906.731
2022-02-25 00:00:00,1906.534,1921.484,1882.673,1889.003,146767.0,1889.003,1889.203
2022-02-27 00:00:00,1921.032,1927.297,1904.329,1910.211,13881.0,1910.211,1910.411
2022-02-28 00:00:00,1910.171,1919.174,1890.826,1906.268,142127.0,1906.268,1906.268
2022-03-01 00:00:00,1906.236,1950.209,1901.367,1942.269,137886.0,1942.269,1942.269
2022-03-02 00:00:00,1942.264,1947.856,1913.468,1928.805,156249.0,1928.805,1929.005
2022-03-03 00:00:00,1928.837,1941.243,1921.974,1934.87,121829.0,1934.87,1935.07
2022-03-04 00:00:00,1934.879,1970.844,1929.388,1970.317,152577.0,1970.317,1970.517
2022-03-06 00:00:00,1981.416,1991.499,1981.233,1988.583,11608.0,1988.583,1988.7830000000001
2022-03-07 00:00:00,1988.6,2002.716,1960.799,1998.736,222652.0,1998.736,1998.736
2022-03-08 00:00:00,1998.753,2070.292,1980.906,2043.828,317273.0,2043.828,2043.828
2022-03-09 00:00:00,2043.799,2059.09,1975.866,1989.867,262415.0,1989.867,1989.867
2022-03-10 00:00:00,1989.862,2009.102,1970.412,1995.387,205959.0,1995.387,1995.387
2022-03-11 00:00:00,1995.388,1997.308,1958.306,1988.147,162836.0,1988.147,1988.347
2022-03-13 00:00:00,1980.342,1983.847,1970.76,1974.302,8520.0,1974.302,1974.502
2022-03-14 00:00:00,1974.263,1978.865,1949.352,1952.184,132364.0,1952.184,1952.384
2022-03-15 00:00:00,1952.176,1952.208,1906.916,1918.085,154057.0,1918.085,1918.085
2022-03-16 00:00:00,1918.082,1929.424,1894.75,1927.034,152499.0,1927.034,1927.2340000000002
2022-03-17 00:00:00,1927.03,1949.689,1925.557,1943.947,117718.0,1943.947,1944.147
2022-03-18 00:00:00,1943.915,1945.34,1917.946,1921.271,113195.0,1921.271,1921.271
2022-03-20 00:00:00,1925.067,1926.334,1918.261,1918.985,4776.0,1918.985,1919.185
2022-03-21 00:00:00,1919.007,1941.097,1917.662,1935.579,98864.0,1935.579,1935.779
2022-03-22 00:00:00,1935.611,1938.331,1910.378,1919.665,109007.0,1919.665,1919.865
2022-03-23 00:00:00,1919.663,1948.31,1915.575,1946.106,93504.0,1946.106,1946.306
2022-03-24 00:00:00,1946.073,1966.151,1937.434,1959.217,111349.0,1959.217,1959.4170000000001
2022-03-25 00:00:00,1959.236,1964.253,1943.079,1958.243,99695.0,1958.243,1958.443
2022-03-27 00:00:00,1955.588,1957.911,1954.787,1957.209,4352.0,1957.209,1957.409
2022-03-28 00:00:00,1957.203,1958.405,1916.898,1924.041,130301.0,1924.041,1924.241
2022-03-29 00:00:00,1924.04,1929.272,1889.783,1916.354,134866.0,1916.354,1916.554
2022-03-30 00:00:00,1916.363,1938.387,1915.905,1934.044,107047.0,1934.044,1934.2440000000001
2022-03-31 00:00:00,1934.075,1949.703,1918.817,1936.702,110699.0,1936.702,1936.902
2022-04-01 00:00:00,1936.704,1939.493,1917.769,1924.495,111506.0,1924.495,1924.695
2022-04-03 00:00:00,1924.641,1924.995,1921.444,1924.674,3324.0,1924.674,1924.874
2022-04-04 00:00:00,1924.635,1936.808,1915.28,1931.493,98240.0,1931.493,1931.693
2022-04-05 00:00:00,1931.51,1944.555,1917.767,1920.618,106464.0,1920.618,1920.818
2022-04-06 00:00:00,1920.617,1933.332,1914.838,1923.806,123561.0,1923.806,1924.006
2022-04-07 00:00:00,1923.783,1937.538,1920.496,1932.938,99985.0,1932.938,1933.1380000000001
2022-04-08 00:00:00,1932.968,1948.146,1927.668,1947.868,91375.0,1947.868,1948.068
2022-04-10 00:00:00,1948.292,1950.0,1943.18,1944.606,4961.0,1944.606,1944.806
2022-04-11 00:00:00,1944.61,1969.435,1939.975,1952.799,114250.0,1952.799,1952.999
2022-04-12 00:00:00,1952.772,1978.253,1949.605,1965.899,112599.0,1965.899,1966.099
2022-04-13 00:00:00,1965.931,1981.532,1962.845,1977.082,97461.0,1977.082,1977.2820000000002
2022-04-14 00:00:00,1977.047,1980.308,1960.42,1973.111,95673.0,1973.111,1973.3110000000001
2022-04-17 00:00:00,1972.91,1987.767,1971.978,1986.463,7352.0,1986.463,1986.663
2022-04-18 00:00:00,1986.493,1998.024,1976.042,1977.161,100398.0,1977.161,1977.361
2022-04-19 00:00:00,1977.192,1981.721,1943.618,1949.718,115039.0,1949.718,1949.9180000000001
2022-04-20 00:00:00,1949.748,1958.332,1939.088,1956.797,111035.0,1956.797,1956.997
2022-04-21 00:00:00,1956.794,1957.397,1936.388,1950.897,109226.0,1950.897,1951.097
2022-04-22 00:00:00,1950.864,1955.483,1926.197,1931.5,122081.0,1931.5,1931.7
2022-04-24 00:00:00,1932.305,1934.435,1929.527,1932.663,4920.0,1932.663,1932.863
2022-04-25 00:00:00,1932.661,1932.726,1891.134,1899.375,142593.0,1899.375,1899.575
2022-04-26 00:00:00,1899.407,1910.939,1895.449,1906.529,119511.0,1906.529,1906.729
2022-04-27 00:00:00,1906.543,1906.789,1881.037,1885.633,120876.0,1885.633,1885.833
2022-04-28 00:00:00,1885.625,1896.735,1871.981,1895.515,121984.0,1895.515,1895.7150000000001
2022-04-29 00:00:00,1895.526,1919.762,1894.415,1896.72,112102.0,1896.72,1896.92
2022-05-01 00:00:00,1899.389,1899.899,1896.106,1897.236,6224.0,1897.236,1897.4360000000001
2022-05-02 00:00:00,1897.206,1898.451,1854.428,1863.15,110133.0,1863.15,1863.3500000000001
2022-05-03 00:00:00,1863.149,1877.892,1850.192,1868.33,100121.0,1868.33,1868.53
2022-05-04 00:00:00,1868.298,1894.144,1861.438,1893.932,120061.0,1893.932,1894.132
2022-05-05 00:00:00,1893.971,1909.551,1872.327,1874.231,135609.0,1874.231,1874.431
2022-05-06 00:00:00,1874.199,1892.504,1865.961,1883.631,115722.0,1883.631,1883.8310000000001
2022-05-08 00:00:00,1883.561,1885.697,1879.889,1881.256,5207.0,1881.256,1881.4560000000001
2022-05-09 00:00:00,1881.244,1882.073,1851.677,1854.636,116505.0,1854.636,1854.836
2022-05-10 00:00:00,1854.605,1865.365,1833.109,1833.584,123340.0,1833.584,1833.784
2022-05-11 00:00:00,1833.614,1857.973,1832.015,1854.064,129677.0,1854.064,1854.2640000000001
2022-05-12 00:00:00,1854.063,1858.745,1810.519,1821.379,138180.0,1821.379,1821.579
2022-05-13 00:00:00,1821.414,1828.559,1798.81,1811.491,105478.0,1811.491,1811.691
2022-05-15 00:00:00,1813.943,1814.561,1809.718,1813.161,5868.0,1813.161,1813.361
2022-05-16 00:00:00,1813.19,1829.184,1786.381,1826.353,109819.0,1826.353,1826.553
2022-05-17 00:00:00,1826.388,1836.051,1812.886,1814.521,102806.0,1814.521,1814.721
2022-05-18 00:00:00,1814.49,1824.673,1807.231,1816.015,96036.0,1816.015,1816.2150000000001
2022-05-19 00:00:00,1816.029,1849.115,1810.833,1842.072,111091.0,1842.072,1842.272
2022-05-20 00:00:00,1842.064,1849.365,1832.312,1846.487,90594.0,1846.487,1846.6870000000001
2022-05-22 00:00:00,1849.009,1849.587,1843.478,1846.283,5063.0,1846.283,1846.483
2022-05-23 00:00:00,1846.284,1865.372,1845.756,1853.883,87084.0,1853.883,1854.083
2022-05-24 00:00:00,1853.919,1869.656,1849.303,1867.329,80851.0,1867.329,1867.529
2022-05-25 00:00:00,1867.361,1867.995,1841.3,1853.974,82338.0,1853.974,1854.174
2022-05-26 00:00:00,1853.944,1854.26,1840.804,1852.799,83088.0,1852.799,1852.999
2022-05-27 00:00:00,1852.779,1862.113,1847.933,1853.024,77236.0,1853.024,1853.224
2022-05-29 00:00:00,1852.618,1853.909,1848.158,1849.849,3394.0,1849.849,1850.049
2022-05-30 00:00:00,1849.872,1863.953,1848.661,1852.384,53660.0,1852.384,1852.584
2022-05-31 00:00:00,1852.416,1857.07,1835.015,1836.404,92803.0,1836.404,1836.604
2022-06-01 00:00:00,1836.437,1849.923,1828.429,1845.949,96101.0,1845.949,1846.1490000000001
2022-06-02 00:00:00,1845.953,1870.543,1844.065,1869.855,82908.0,1869.855,1870.055
2022-06-03 00:00:00,1869.886,1873.967,1847.249,1850.96,77381.0,1850.96,1851.16
2022-06-05 00:00:00,1850.955,1853.237,1850.103,1851.478,2805.0,1851.478,1851.678
2022-06-06 00:00:00,1851.48,1857.898,1837.957,1839.385,73830.0,1839.385,1839.585
2022-06-07 00:00:00,1839.404,1855.484,1836.939,1853.566,79470.0,1853.566,1853.766
2022-06-08 00:00:00,1853.569,1859.61,1844.488,1852.692,74406.0,1852.692,1852.892
2022-06-09 00:00:00,1852.695,1855.255,1840.008,1846.918,81437.0,1846.918,1847.118
2022-06-10 00:00:00,1846.945,1875.847,1825.082,1871.532,115407.0,1871.532,1871.732
2022-06-12 00:00:00,1878.07,1878.832,1874.666,1876.949,6102.0,1876.949,1877.1490000000001
2022-06-13 00:00:00,1876.93,1877.351,1809.14,1821.013,138266.0,1821.013,1821.213
2022-06-14 00:00:00,1820.98,1831.57,1805.064,1810.902,123210.0,1810.902,1811.102
2022-06-15 00:00:00,1810.872,1841.828,1808.642,1833.827,151026.0,1833.827,1834.027
2022-06-16 00:00:00,1833.811,1857.493,1815.391,1850.809,130437.0,1850.809,1851.009
2022-06-17 00:00:00,1850.821,1852.917,1833.817,1840.248,109101.0,1840.248,1840.448
2022-06-19 00:00:00,1836.197,1840.32,1834.725,1838.432,5130.0,1838.432,1838.632
2022-06-20 00:00:00,1838.436,1846.093,1835.153,1839.076,63787.0,1839.076,1839.276
2022-06-21 00:00:00,1839.091,1843.581,1828.531,1831.32,90406.0,1831.32,1831.52
2022-06-22 00:00:00,1831.288,1847.815,1823.291,1836.562,103016.0,1836.562,1836.762
2022-06-23 00:00:00,1836.593,1845.908,1822.481,1824.582,102430.0,1824.582,1824.7820000000002
2022-06-24 00:00:00,1824.585,1831.621,1816.879,1827.1,94116.0,1827.1,1827.3
2022-06-26 00:00:00,1836.268,1836.298,1829.99,1831.024,7000.0,1831.024,1831.224
2022-06-27 00:00:00,1831.005,1840.818,1820.729,1823.494,87967.0,1823.494,1823.694
2022-06-28 00:00:00,1823.506,1829.452,1818.256,1818.377,79619.0,1818.377,1818.577
2022-06-29 00:00:00,1818.347,1832.88,1811.848,1818.883,89381.0,1818.883,1819.083
2022-06-30 00:00:00,1818.896,1825.133,1802.627,1806.548,100818.0,1806.548,1806.748
2022-07-01 00:00:00,1806.552,1809.394,1784.473,1809.341,112094.0,1809.341,1809.541
2022-07-03 00:00:00,1810.342,1810.937,1808.034,1808.071,4033.0,1808.071,1808.271
2022-07-04 00:00:00,1808.062,1814.091,1803.765,1809.254,56437.0,1809.254,1809.454
2022-07-05 00:00:00,1809.285,1812.081,1763.729,1769.527,109578.0,1769.527,1769.727
2022-07-06 00:00:00,1769.524,1772.784,1732.221,1739.958,124545.0,1739.958,1740.1580000000001
2022-07-07 00:00:00,1739.989,1748.998,1736.482,1741.722,89350.0,1741.722,1741.922
2022-07-08 00:00:00,1741.754,1752.349,1732.813,1742.249,93320.0,1742.249,1742.449
2022-07-10 00:00:00,1741.088,1744.589,1740.873,1741.965,3890.0,1741.965,1742.165
2022-07-11 00:00:00,1741.998,1743.548,1731.223,1733.238,80152.0,1733.238,1733.438
2022-07-12 00:00:00,1733.236,1743.94,1723.2,1725.287,99109.0,1725.287,1725.487
2022-07-13 00:00:00,1725.317,1745.318,1706.931,1731.99,124087.0,1731.99,1732.19
2022-07-14 00:00:00,1731.972,1733.521,1697.565,1711.655,129532.0,1711.655,1711.855
2022-07-15 00:00:00,1711.692,1716.563,1698.877,1707.44,99095.0,1707.44,1707.64
2022-07-17 00:00:00,1706.571,1710.646,1706.536,1710.297,4178.0,1710.297,1710.497
2022-07-18 00:00:00,1710.292,1723.731,1706.616,1708.215,87734.0,1708.215,1708.415
2022-07-19 00:00:00,1708.198,1718.373,1705.3,1709.954,78371.0,1709.954,1710.154
2022-07-20 00:00:00,1709.924,1714.326,1692.141,1695.406,83903.0,1695.406,1695.606
2022-07-21 00:00:00,1695.357,1720.269,1680.811,1718.076,117448.0,1718.076,1718.276
2022-07-22 00:00:00,1718.046,1739.179,1712.809,1727.469,94898.0,1727.469,1727.669
2022-07-24 00:00:00,1726.25,1727.089,1724.282,1724.673,3980.0,1724.673,1724.873
2022-07-25 00:00:00,1724.676,1736.012,1714.721,1718.99,81373.0,1718.99,1719.19
2022-07-26 00:00:00,1719.03,1728.145,1713.555,1717.9,79863.0,1717.9,1718.1000000000001
2022-07-27 00:00:00,1717.929,1739.875,1711.358,1738.769,95488.0,1738.769,1738.969
2022-07-28 00:00:00,1738.764,1757.039,1733.993,1754.908,113755.0,1754.908,1755.108
2022-07-29 00:00:00,1754.898,1767.905,1752.116,1766.178,95361.0,1766.178,1766.3780000000002
2022-07-31 00:00:00,1765.356,1765.39,1760.893,1762.141,3687.0,1762.141,1762.3410000000001
2022-08-01 00:00:00,1762.172,1775.302,1758.22,1772.228,88751.0,1772.228,1772.428
2022-08-02 00:00:00,1772.261,1787.96,1754.784,1756.675,112389.0,1756.675,1756.875
2022-08-03 00:00:00,1756.669,1772.769,1754.321,1763.586,92443.0,1763.586,1763.786
2022-08-04 00:00:00,1763.617,1794.882,1763.358,1793.38,86654.0,1793.38,1793.5800000000002
2022-08-05 00:00:00,1793.347,1794.863,1764.955,1775.628,98282.0,1775.628,1775.828
2022-08-07 00:00:00,1773.369,1775.046,1772.643,1774.558,3536.0,1774.558,1774.558
2022-08-08 00:00:00,1774.562,1790.651,1771.119,1789.192,71727.0,1789.192,1789.192
2022-08-09 00:00:00,1789.176,1800.41,1783.177,1794.082,75706.0,1794.082,1794.2820000000002
2022-08-10 00:00:00,1794.086,1807.831,1787.574,1791.66,91451.0,1791.66,1791.8600000000001
2022-08-11 00:00:00,1791.675,1799.215,1783.521,1788.95,82870.0,1788.95,1789.15
2022-08-12 00:00:00,1788.923,1802.198,1784.81,1801.884,74536.0,1801.884,1802.084
2022-08-14 00:00:00,1801.523,1801.765,1798.969,1799.103,3026.0,1799.103,1799.303
2022-08-15 00:00:00,1799.072,1801.693,1772.814,1778.509,84773.0,1778.509,1778.709
2022-08-16 00:00:00,1778.547,1783.068,1771.198,1775.556,73288.0,1775.556,1775.756
2022-08-17 00:00:00,1775.564,1782.159,1759.7,1764.909,91785.0,1764.909,1765.1090000000002
2022-08-18 00:00:00,1764.911,1772.362,1755.304,1758.387,80119.0,1758.387,1758.587
2022-08-19 00:00:00,1758.39,1758.55,1745.49,1747.376,77219.0,1747.376,1747.576
2022-08-21 00:00:00,1745.586,1748.094,1744.969,1745.664,3670.0,1745.664,1745.864
2022-08-22 00:00:00,1745.668,1748.992,1727.749,1735.22,84051.0,1735.22,1735.42
2022-08-23 00:00:00,1735.227,1754.057,1730.786,1745.97,85337.0,1745.97,1746.17
2022-08-24 00:00:00,1745.972,1755.904,1742.431,1750.98,78536.0,1750.98,1751.18
2022-08-25 00:00:00,1750.974,1765.437,1749.921,1756.384,78231.0,1756.384,1756.584
2022-08-26 00:00:00,1756.377,1758.757,1734.13,1737.998,101754.0,1737.998,1738.198
2022-08-28 00:00:00,1734.774,1738.525,1733.125,1734.735,6173.0,1734.735,1734.935
2022-08-29 00:00:00,1734.741,1745.407,1720.28,1739.526,90773.0,1739.526,1739.726
2022-08-30 00:00:00,1739.51,1740.474,1721.131,1723.304,83936.0,1723.304,1723.5040000000001
2022-08-31 00:00:00,1723.302,1726.483,1705.481,1708.952,92988.0,1708.952,1709.152
2022-09-01 00:00:00,1708.919,1708.919,1688.723,1697.207,97104.0,1697.207,1697.4070000000002
2022-09-02 00:00:00,1697.174,1717.932,1696.266,1712.532,91243.0,1712.532,1712.732
2022-09-04 00:00:00,1711.024,1711.509,1707.899,1707.958,3100.0,1707.958,1708.1580000000001
2022-09-05 00:00:00,1707.929,1715.705,1707.72,1713.927,51590.0,1713.927,1714.127
2022-09-06 00:00:00,1713.921,1726.337,1699.751,1703.478,95453.0,1703.478,1703.678
2022-09-07 00:00:00,1703.475,1719.426,1691.358,1716.553,95617.0,1716.553,1716.7530000000002
2022-09-08 00:00:00,1716.548,1727.938,1703.814,1710.648,106167.0,1710.648,1710.848
2022-09-09 00:00:00,1710.618,1729.336,1709.683,1717.186,87213.0,1717.186,1717.386
2022-09-11 00:00:00,1718.402,1720.155,1716.742,1718.396,3416.0,1718.396,1718.596
2022-09-12 00:00:00,1718.365,1735.081,1711.946,1725.246,92423.0,1725.246,1725.4460000000001
2022-09-13 00:00:00,1725.236,1731.772,1696.943,1702.097,114566.0,1702.097,1702.297
2022-09-14 00:00:00,1702.141,1707.068,1693.596,1697.512,99551.0,1697.512,1697.712
2022-09-15 00:00:00,1697.494,1697.775,1660.181,1662.357,103847.0,1662.357,1662.557
2022-09-16 00:00:00,1662.336,1680.173,1654.095,1675.286,95572.0,1675.286,1675.486
2022-09-18 00:00:00,1674.412,1679.963,1673.966,1677.946,4036.0,1677.946,1678.146
2022-09-19 00:00:00,1677.914,1678.74,1659.457,1675.752,84643.0,1675.752,1675.952
2022-09-20 00:00:00,1675.744,1679.43,1659.739,1666.4,87174.0,1666.4,1666.6000000000001
2022-09-21 00:00:00,1666.392,1687.883,1653.572,1667.043,141319.0,1667.043,1667.243
2022-09-22 00:00:00,1667.04,1684.833,1655.368,1672.724,138880.0,1672.724,1672.924
2022-09-23 00:00:00,1672.737,1675.933,1639.714,1643.877,118483.0,1643.877,1644.077
2022-09-25 00:00:00,1643.172,1645.673,1640.355,1644.054,5574.0,1644.054,1644.2540000000001
2022-09-26 00:00:00,1644.085,1649.598,1621.048,1627.669,150748.0,1627.669,1627.8690000000001
2022-09-27 00:00:00,1627.637,1642.334,1626.649,1628.797,114225.0,1628.797,1628.997
2022-09-28 00:00:00,1628.795,1662.66,1614.427,1656.115,147564.0,1656.115,1656.315
2022-09-29 00:00:00,1656.147,1665.171,1641.435,1664.567,132544.0,1664.567,1664.767
2022-09-30 00:00:00,1664.576,1675.424,1659.198,1660.963,121494.0,1660.963,1661.163
2022-10-02 00:00:00,1664.009,1665.394,1663.255,1664.152,4625.0,1664.152,1664.352
2022-10-03 00:00:00,1664.122,1702.553,1659.578,1700.996,126167.0,1700.996,1701.1960000000001
2022-10-04 00:00:00,1701.0,1729.469,1695.125,1725.563,120508.0,1725.563,1725.7630000000001
2022-10-05 00:00:00,1725.562,1727.552,1700.445,1718.379,118170.0,1718.379,1718.579
2022-10-06 00:00:00,1718.416,1725.491,1706.888,1711.893,108877.0,1711.893,1712.093
2022-10-07 00:00:00,1711.869,1714.764,1690.453,1695.001,116036.0,1695.001,1695.201
2022-10-09 00:00:00,1696.236,1699.857,1695.794,1696.694,4572.0,1696.694,1696.894
2022-10-10 00:00:00,1696.695,1697.232,1665.618,1670.131,101535.0,1670.131,1670.3310000000001
2022-10-11 00:00:00,1670.1,1683.879,1660.867,1664.037,122710.0,1664.037,1664.237
2022-10-12 00:00:00,1664.015,1678.298,1661.379,1674.483,118115.0,1674.483,1674.683
2022-10-13 00:00:00,1674.46,1682.36,1642.337,1663.441,152371.0,1663.441,1663.641
2022-10-14 00:00:00,1663.418,1671.694,1640.123,1644.267,126301.0,1644.267,1644.467
2022-10-16 00:00:00,1646.163,1647.656,1644.094,1647.47,4635.0,1647.47,1647.67
2022-10-17 00:00:00,1647.455,1668.339,1646.361,1650.698,97274.0,1650.698,1650.8980000000001
2022-10-18 00:00:00,1650.73,1660.853,1645.81,1652.305,104392.0,1652.305,1652.505
2022-10-19 00:00:00,1652.304,1653.366,1626.464,1627.097,103947.0,1627.097,1627.297
2022-10-20 00:00:00,1627.064,1645.57,1622.403,1626.98,107837.0,1626.98,1627.18
2022-10-21 00:00:00,1626.979,1658.087,1616.886,1657.806,154332.0,1657.806,1658.006
2022-10-23 00:00:00,1659.975,1670.606,1656.61,1661.251,20028.0,1661.251,1661.451
2022-10-24 00:00:00,1661.219,1663.306,1643.853,1651.742,126304.0,1651.742,1651.942
2022-10-25 00:00:00,1651.773,1662.281,1638.121,1652.755,107096.0,1652.755,1652.9550000000002
2022-10-26 00:00:00,1652.765,1674.834,1649.733,1667.513,109591.0,1667.513,1667.713
2022-10-27 00:00:00,1667.524,1670.754,1654.798,1661.862,122399.0,1661.862,1662.0620000000001
2022-10-28 00:00:00,1661.861,1666.992,1637.811,1644.448,109924.0,1644.448,1644.6480000000001
2022-10-30 00:00:00,1643.727,1645.373,1643.003,1643.446,4695.0,1643.446,1643.646
2022-10-31 00:00:00,1643.413,1645.56,1631.677,1632.416,86332.0,1632.416,1632.616
2022-11-01 00:00:00,1632.419,1656.969,1630.689,1646.772,109580.0,1646.772,1646.972
2022-11-02 00:00:00,1646.804,1669.428,1631.8,1633.721,137221.0,1633.721,1633.921
2022-11-03 00:00:00,1633.718,1640.911,1616.624,1629.737,115067.0,1629.737,1629.9370000000001
2022-11-04 00:00:00,1629.771,1681.665,1629.315,1680.966,133186.0,1680.966,1681.166
2022-11-06 00:00:00,1675.168,1680.309,1672.277,1672.66,5337.0,1672.66,1672.8600000000001
2022-11-07 00:00:00,1672.698,1681.865,1666.852,1674.072,103124.0,1674.072,1674.272
2022-11-08 00:00:00,1674.084,1716.901,1664.487,1711.587,118516.0,1711.587,1711.787
2022-11-09 00:00:00,1711.583,1722.291,1702.124,1706.45,124413.0,1706.45,1706.65
2022-11-10 00:00:00,1706.469,1757.196,1703.98,1752.196,145273.0,1752.196,1752.396
2022-11-11 00:00:00,1752.192,1772.822,1747.23,1770.992,129572.0,1770.992,1771.192
2022-11-13 00:00:00,1763.488,1764.891,1761.422,1763.439,4142.0,1763.439,1763.6390000000001
2022-11-14 00:00:00,1763.447,1775.007,1753.101,1769.481,114629.0,1769.481,1769.681
2022-11-15 00:00:00,1769.516,1786.472,1767.047,1780.746,154447.0,1780.746,1780.9460000000001
2022-11-16 00:00:00,1780.774,1784.992,1770.272,1773.843,121911.0,1773.843,1774.0430000000001
2022-11-17 00:00:00,1773.862,1774.762,1754.443,1760.058,111267.0,1760.058,1760.258
2022-11-18 00:00:00,1760.026,1767.674,1747.487,1750.852,93341.0,1750.852,1751.0520000000001
2022-11-20 00:00:00,1751.196,1752.595,1750.869,1752.261,2432.0,1752.261,1752.461
2022-11-21 00:00:00,1752.256,1752.986,1732.473,1738.506,101151.0,1738.506,1738.7060000000001
2022-11-22 00:00:00,1738.513,1749.613,1737.008,1741.139,89700.0,1741.139,1741.339
2022-11-23 00:00:00,1741.14,1753.378,1726.349,1752.271,106078.0,1752.271,1752.471
2022-11-24 00:00:00,1752.302,1758.565,1752.297,1755.189,62911.0,1755.189,1755.189
2022-11-25 00:00:00,1755.375,1761.12,1745.947,1755.969,74198.0,1755.969,1756.169
2022-11-27 00:00:00,1753.479,1754.215,1749.919,1750.9,1548.0,1750.9,1751.1000000000001
2022-11-28 00:00:00,1750.883,1763.703,1739.601,1741.231,103631.0,1741.231,1741.431
2022-11-29 00:00:00,1741.252,1758.749,1740.23,1748.884,96405.0,1748.884,1749.084
2022-11-30 00:00:00,1748.92,1773.44,1744.645,1773.332,122026.0,1773.332,1773.5320000000002
2022-12-01 00:00:00,1773.354,1804.439,1771.933,1802.253,122289.0,1802.253,1802.453
2022-12-02 00:00:00,1802.284,1802.96,1778.425,1797.945,117886.0,1797.945,1798.145
2022-12-04 00:00:00,1795.131,1799.341,1794.397,1798.946,3012.0,1798.946,1799.146
2022-12-05 00:00:00,1798.977,1809.886,1765.756,1769.348,110100.0,1769.348,1769.548
2022-12-06 00:00:00,1769.314,1780.835,1767.201,1770.915,94661.0,1770.915,1771.115
2022-12-07 00:00:00,1770.918,1790.489,1768.683,1786.964,105169.0,1786.964,1787.164
2022-12-08 00:00:00,1786.974,1794.664,1781.372,1789.207,87458.0,1789.207,1789.4070000000002
2022-12-09 00:00:00,1789.21,1806.043,1788.466,1797.455,98091.0,1797.455,1797.655
2022-12-11 00:00:00,1795.942,1796.635,1794.757,1794.954,2137.0,1794.954,1795.154
2022-12-12 00:00:00,1794.938,1795.446,1777.541,1781.893,86583.0,1781.893,1782.093
2022-12-13 00:00:00,1781.894,1824.45,1780.983,1809.588,129862.0,1809.588,1809.788
2022-12-14 00:00:00,1809.586,1814.085,1795.718,1807.616,129124.0,1807.616,1807.816
2022-12-15 00:00:00,1807.617,1807.818,1773.434,1776.49,120652.0,1776.49,1776.69
2022-12-16 00:00:00,1776.456,1794.228,1774.271,1793.062,95312.0,1793.062,1793.262
2022-12-18 00:00:00,1792.453,1793.006,1790.95,1791.017,2246.0,1791.017,1791.217
2022-12-19 00:00:00,1790.997,1798.712,1783.783,1787.255,82183.0,1787.255,1787.4550000000002
2022-12-20 00:00:00,1787.224,1821.02,1784.563,1817.199,125521.0,1817.199,1817.3990000000001
2022-12-21 00:00:00,1817.168,1823.76,1811.854,1814.892,90916.0,1814.892,1815.092
2022-12-22 00:00:00,1814.856,1820.365,1784.764,1793.44,99404.0,1793.44,1793.64
2022-12-23 00:00:00,1793.461,1803.194,1791.14,1798.469,85412.0,1798.469,1798.669
2022-12-26 00:00:00,1799.575,1803.087,1799.248,1800.842,1600.0,1800.842,1802.797
2022-12-27 00:00:00,1800.845,1832.979,1800.238,1812.353,91862.0,1812.353,1812.553
2022-12-28 00:00:00,1812.377,1814.566,1796.946,1805.765,88176.0,1805.765,1805.9650000000001
2022-12-29 00:00:00,1805.728,1820.145,1804.34,1815.096,81997.0,1815.096,1815.296
2022-12-30 00:00:00,1815.108,1825.985,1813.189,1823.51,88313.0,1823.51,1823.71
2023-01-02 00:00:00,1825.968,1830.46,1823.998,1829.131,2383.0,1829.131,1829.9650000000001
2023-01-03 00:00:00,1829.11,1849.934,1826.747,1836.522,123212.0,1836.522,1836.722
2023-01-04 00:00:00,1836.501,1865.086,1836.185,1854.827,124302.0,1854.827,1855.027
2023-01-05 00:00:00,1854.794,1858.971,1824.835,1832.799,116567.0,1832.799,1832.999
2023-01-06 00:00:00,1832.8,1869.783,1831.265,1865.989,119649.0,1865.989,1866.189
2023-01-08 00:00:00,1866.736,1869.889,1866.716,1869.602,3665.0,1869.602,1869.8020000000001
2023-01-09 00:00:00,1869.595,1881.456,1867.099,1870.49,108241.0,1870.49,1870.69
2023-01-10 00:00:00,1870.477,1880.719,1867.789,1877.167,103705.0,1877.167,1877.367
2023-01-11 00:00:00,1877.196,1886.576,1866.893,1876.939,100795.0,1876.939,1877.1390000000001
2023-01-12 00:00:00,1876.935,1901.404,1873.231,1898.022,133215.0,1898.022,1898.222
2023-01-13 00:00:00,1898.023,1921.854,1892.282,1920.251,111528.0,1920.251,1920.451
2023-01-15 00:00:00,1919.066,1920.45,1916.844,1916.893,2928.0,1916.893,1917.093
2023-01-16 00:00:00,1916.904,1928.951,1910.813,1917.856,69343.0,1917.856,1918.056
2023-01-17 00:00:00,1917.882,1918.996,1903.633,1908.691,101915.0,1908.691,1908.891
2023-01-18 00:00:00,1908.674,1925.862,1896.559,1906.818,129115.0,1906.818,1907.018
2023-01-19 00:00:00,1906.848,1935.129,1900.95,1931.68,114677.0,1931.68,1931.88
2023-01-20 00:00:00,1931.683,1937.383,1920.58,1925.916,97925.0,1925.916,1926.116
2023-01-22 00:00:00,1924.243,1927.327,1924.189,1927.258,2521.0,1927.258,1927.458
2023-01-23 00:00:00,1927.232,1935.466,1911.296,1931.325,105359.0,1931.325,1931.525
2023-01-24 00:00:00,1931.313,1942.395,1916.962,1936.963,101114.0,1936.963,1937.163
2023-01-25 00:00:00,1936.953,1948.739,1919.727,1948.321,107054.0,1948.321,1948.521
2023-01-26 00:00:00,1948.346,1949.116,1918.36,1930.718,113341.0,1930.718,1930.9180000000001
2023-01-27 00:00:00,1930.679,1935.025,1916.455,1928.265,92878.0,1928.265,1928.4650000000001
2023-01-29 00:00:00,1926.737,1928.918,1926.408,1928.854,2431.0,1928.854,1929.054
2023-01-30 00:00:00,1928.859,1934.425,1920.627,1922.089,96194.0,1922.089,1922.289
2023-01-31 00:00:00,1922.121,1931.088,1900.736,1927.336,110285.0,1927.336,1927.536
2023-02-01 00:00:00,1927.329,1956.112,1920.494,1953.043,138608.0,1953.043,1953.243
2023-02-02 00:00:00,1953.008,1959.639,1911.211,1915.002,144422.0,1915.002,1915.202
2023-02-03 00:00:00,1914.998,1918.515,1861.424,1865.805,152575.0,1865.805,1865.805
2023-02-05 00:00:00,1864.169,1869.894,1863.718,1865.462,4303.0,1865.462,1865.662
2023-02-06 00:00:00,1865.429,1881.296,1862.982,1868.476,112453.0,1868.476,1868.6760000000002
2023-02-07 00:00:00,1868.507,1884.428,1864.972,1872.894,137566.0,1872.894,1873.094
2023-02-08 00:00:00,1872.893,1886.342,1868.977,1874.989,102312.0,1874.989,1875.189
2023-02-09 00:00:00,1874.983,1890.02,1858.842,1862.322,113689.0,1862.322,1862.522
2023-02-10 00:00:00,1862.353,1872.159,1852.744,1865.314,115662.0,1865.314,1865.5140000000001
2023-02-12 00:00:00,1863.97,1865.29,1862.633,1862.705,2215.0,1862.705,1862.905
2023-02-13 00:00:00,1862.739,1866.533,1850.417,1854.376,92835.0,1854.376,1854.576
2023-02-14 00:00:00,1854.38,1870.282,1843.14,1854.865,155839.0,1854.865,1855.065
2023-02-15 00:00:00,1854.862,1860.066,1830.262,1836.361,117900.0,1836.361,1836.5610000000001
2023-02-16 00:00:00,1836.353,1845.266,1827.404,1834.272,114968.0,1834.272,1834.472
2023-02-17 00:00:00,1834.288,1843.547,1818.861,1842.499,107708.0,1842.499,1842.699
2023-02-19 00:00:00,1841.163,1841.687,1838.386,1838.659,2114.0,1838.659,1838.8590000000002
2023-02-20 00:00:00,1838.666,1847.39,1837.282,1841.674,51829.0,1841.674,1841.874
2023-02-21 00:00:00,1841.705,1843.801,1830.204,1835.548,100264.0,1835.548,1835.748
2023-02-22 00:00:00,1835.552,1845.822,1823.473,1825.075,100896.0,1825.075,1825.275
2023-02-23 00:00:00,1825.086,1833.723,1817.188,1823.166,98791.0,1823.166,1823.366
2023-02-24 00:00:00,1823.187,1827.755,1808.912,1810.778,100827.0,1810.778,1810.978
2023-02-26 00:00:00,1811.891,1813.078,1811.239,1811.74,2182.0,1811.74,1811.94
2023-02-27 00:00:00,1811.728,1820.088,1806.177,1817.137,89116.0,1817.137,1817.337
2023-02-28 00:00:00,1817.138,1831.104,1804.363,1825.551,94256.0,1825.551,1825.751
2023-03-01 00:00:00,1825.552,1844.374,1823.042,1836.554,103939.0,1836.554,1836.7540000000001
2023-03-02 00:00:00,1836.53,1838.932,1829.947,1837.818,96436.0,1837.818,1838.018
2023-03-03 00:00:00,1837.787,1856.278,1837.756,1855.265,90672.0,1855.265,1855.4650000000001
2023-03-05 00:00:00,1853.694,1854.076,1852.152,1852.294,1832.0,1852.294,1852.4940000000001
2023-03-06 00:00:00,1852.302,1858.123,1845.066,1846.323,84771.0,1846.323,1846.5230000000001
2023-03-07 00:00:00,1846.303,1851.468,1812.67,1813.936,110318.0,1813.936,1814.136
2023-03-08 00:00:00,1813.935,1824.235,1809.372,1815.196,96063.0,1815.196,1815.396
2023-03-09 00:00:00,1815.209,1835.398,1811.922,1831.569,90828.0,1831.569,1831.769
2023-03-10 00:00:00,1831.565,1870.031,1827.702,1867.109,141676.0,1867.109,1867.309
2023-03-12 00:00:00,1883.238,1894.368,1875.749,1877.746,25382.0,1877.746,1877.9460000000001
2023-03-13 00:00:00,1877.716,1914.577,1871.496,1912.025,197132.0,1912.025,1912.2250000000001
2023-03-14 00:00:00,1912.055,1914.113,1895.228,1903.064,152947.0,1903.064,1903.2640000000001
2023-03-15 00:00:00,1903.055,1937.287,1885.551,1921.155,195797.0,1921.155,1921.355
2023-03-16 00:00:00,1921.145,1933.437,1907.298,1921.294,165420.0,1921.294,1921.4940000000001
2023-03-17 00:00:00,1921.306,1988.311,1918.196,1988.129,151221.0,1988.129,1988.329
2023-03-19 00:00:00,1985.925,1988.132,1975.037,1976.936,11961.0,1976.936,1977.136
2023-03-20 00:00:00,1976.968,2009.668,1965.507,1976.585,190895.0,1976.585,1976.785
2023-03-21 00:00:00,1976.581,1985.121,1935.343,1943.106,139928.0,1943.106,1943.306
2023-03-22 00:00:00,1943.074,1978.802,1934.107,1969.706,164681.0,1969.706,1969.906
2023-03-23 00:00:00,1969.755,2003.277,1966.317,1991.324,156167.0,1991.324,1991.5240000000001
2023-03-24 00:00:00,1991.292,2002.989,1975.165,1978.777,158796.0,1978.777,1978.977
2023-03-26 00:00:00,1976.4,1976.735,1969.353,1975.691,7621.0,1975.691,1975.891
2023-03-27 00:00:00,1975.658,1978.691,1943.944,1958.071,122519.0,1958.071,1958.271
2023-03-28 00:00:00,1958.04,1975.255,1949.141,1971.867,105017.0,1971.867,1972.067
2023-03-29 00:00:00,1971.898,1972.854,1958.665,1963.197,94574.0,1963.197,1963.397
2023-03-30 00:00:00,1963.201,1984.251,1955.345,1978.386,100036.0,1978.386,1978.586
2023-03-31 00:00:00,1978.412,1987.544,1966.806,1969.376,102316.0,1969.376,1969.576
2023-04-02 00:00:00,1966.275,1967.407,1956.964,1957.027,9069.0,1957.027,1957.227
2023-04-03 00:00:00,1957.063,1990.476,1949.542,1984.935,111861.0,1984.935,1985.135
2023-04-04 00:00:00,1984.929,2024.982,1976.821,2021.734,124054.0,2021.734,2021.934
2023-04-05 00:00:00,2021.748,2032.046,2009.719,2020.287,116543.0,2020.287,2020.487
2023-04-06 00:00:00,2020.269,2020.907,2000.61,2007.761,97624.0,2007.761,2007.961
2023-04-09 00:00:00,1997.006,2006.495,1995.817,2005.497,5721.0,2005.497,2005.6970000000001
2023-04-10 00:00:00,2005.529,2005.86,1981.436,1992.389,96568.0,1992.389,1992.589
2023-04-11 00:00:00,1992.356,2007.41,1988.773,2004.659,84783.0,2004.659,2004.8590000000002
2023-04-12 00:00:00,2004.675,2028.014,2000.847,2018.149,122569.0,2018.149,2018.349
2023-04-13 00:00:00,2018.118,2048.597,2015.276,2039.713,108710.0,2039.713,2039.913
2023-04-14 00:00:00,2039.712,2047.392,1992.364,2004.252,132266.0,2004.252,2004.452
2023-04-16 00:00:00,2001.207,2005.006,1999.651,2002.848,5116.0,2002.848,2003.048
2023-04-17 00:00:00,2002.866,2014.998,1980.899,1993.905,109414.0,1993.905,1994.105
2023-04-18 00:00:00,1993.915,2011.821,1991.071,2005.717,97078.0,2005.717,2005.9170000000001
2023-04-19 00:00:00,2005.719,2008.077,1969.176,1993.616,113319.0,1993.616,1993.816
2023-04-20 00:00:00,1993.651,2012.347,1990.476,2005.313,109856.0,2005.313,2005.5130000000001
2023-04-21 00:00:00,2005.287,2005.508,1971.584,1982.886,118259.0,1982.886,1983.086
2023-04-23 00:00:00,1982.082,1985.343,1981.789,1984.62,3555.0,1984.62,1984.82
2023-04-24 00:00:00,1984.618,1996.42,1974.028,1995.016,100104.0,1995.016,1995.2160000000001
2023-04-25 00:00:00,1995.015,2003.83,1976.067,2000.172,125714.0,2000.172,2000.372
2023-04-26 00:00:00,2000.178,2009.322,1983.348,1991.647,127312.0,1991.647,1991.847
2023-04-27 00:00:00,1991.617,2003.246,1974.016,1986.914,121200.0,1986.914,1987.114
2023-04-28 00:00:00,1986.879,1994.994,1976.103,1989.376,121129.0,1989.376,1989.576
2023-04-30 00:00:00,1989.602,1991.877,1986.62,1986.895,4632.0,1986.895,1987.095
2023-05-01 00:00:00,1986.927,2005.933,1977.054,1981.373,116652.0,1981.373,1981.573
2023-05-02 00:00:00,1981.385,2019.233,1978.455,2015.905,122117.0,2015.905,2016.105
2023-05-03 00:00:00,2015.916,2079.817,2007.647,2051.957,152909.0,2051.957,2052.1569999999997
2023-05-04 00:00:00,2051.959,2059.537,2030.327,2049.922,166002.0,2049.922,2050.122
2023-05-05 00:00:00,2049.924,2052.957,1999.451,2016.65,127095.0,2016.65,2016.8500000000001
2023-05-07 00:00:00,2016.428,2017.281,2014.174,2016.006,4614.0,2016.006,2016.2060000000001
2023-05-08 00:00:00,2015.976,2029.32,2015.15,2021.237,91200.0,2021.237,2021.4370000000001
2023-05-09 00:00:00,2021.266,2037.561,2019.483,2036.27,93231.0,2036.27,2036.47
2023-05-10 00:00:00,2036.31,2047.995,2021.306,2031.436,117018.0,2031.436,2031.636
2023-05-11 00:00:00,2031.411,2040.788,2011.104,2016.346,131657.0,2016.346,2016.546
2023-05-12 00:00:00,2016.367,2022.461,2000.895,2010.912,107767.0,2010.912,2011.112
2023-05-14 00:00:00,2008.664,2011.957,2008.664,2009.558,3383.0,2009.558,2009.758
2023-05-15 00:00:00,2009.551,2022.083,2008.637,2014.4,87550.0,2014.4,2014.6000000000001
2023-05-16 00:00:00,2014.411,2018.279,1985.414,1989.63,108068.0,1989.63,1989.8300000000002
2023-05-17 00:00:00,1989.633,1992.977,1974.734,1982.714,96742.0,1982.714,1982.914
2023-05-18 00:00:00,1982.717,1985.973,1951.937,1958.356,102465.0,1958.356,1958.556
2023-05-19 00:00:00,1958.364,1984.186,1954.003,1977.703,113065.0,1977.703,1977.903
2023-05-21 00:00:00,1978.005,1981.48,1978.005,1980.829,3723.0,1980.829,1981.029
2023-05-22 00:00:00,1980.827,1982.53,1968.69,1969.784,98370.0,1969.784,1969.9840000000002
2023-05-23 00:00:00,1969.814,1977.739,1954.232,1974.98,114176.0,1974.98,1975.18
2023-05-24 00:00:00,1975.021,1985.015,1956.683,1959.752,111496.0,1959.752,1959.952
2023-05-25 00:00:00,1959.748,1964.711,1938.813,1940.515,119450.0,1940.515,1940.7150000000001
2023-05-26 00:00:00,1940.492,1957.219,1936.576,1946.834,101875.0,1946.834,1947.034
2023-05-28 00:00:00,1943.265,1946.248,1943.227,1943.654,4454.0,1943.654,1943.854
2023-05-29 00:00:00,1943.687,1949.718,1940.27,1941.683,54792.0,1941.683,1941.883
2023-05-30 00:00:00,1941.498,1963.479,1932.042,1958.535,104714.0,1958.535,1958.7350000000001
2023-05-31 00:00:00,1958.544,1974.526,1953.625,1966.244,110075.0,1966.244,1966.444
2023-06-01 00:00:00,1966.275,1983.049,1953.338,1977.03,106021.0,1977.03,1977.23
2023-06-02 00:00:00,1977.033,1983.374,1947.58,1947.992,103346.0,1947.992,1948.192
2023-06-04 00:00:00,1947.366,1950.096,1947.297,1949.33,4212.0,1949.33,1949.53
2023-06-05 00:00:00,1949.344,1964.003,1938.048,1961.224,96575.0,1961.224,1961.424
2023-06-06 00:00:00,1961.231,1966.376,1954.345,1963.345,89172.0,1963.345,1963.545
2023-06-07 00:00:00,1963.315,1970.123,1939.839,1944.436,97629.0,1944.436,1944.636
2023-06-08 00:00:00,1944.433,1970.507,1942.764,1965.316,94448.0,1965.316,1965.516
2023-06-09 00:00:00,1965.313,1972.771,1956.58,1960.64,84885.0,1960.64,1960.8400000000001
2023-06-11 00:00:00,1959.592,1960.497,1958.013,1959.933,3406.0,1959.933,1960.133
2023-06-12 00:00:00,1959.941,1966.889,1949.118,1959.94,89398.0,1959.94,1960.14
2023-06-13 00:00:00,1959.953,1970.589,1939.975,1943.884,106680.0,1943.884,1944.084
2023-06-14 00:00:00,1943.891,1960.058,1939.673,1945.188,112297.0,1945.188,1945.3880000000001
2023-06-15 00:00:00,1945.146,1960.194,1924.838,1958.223,113388.0,1958.223,1958.423
2023-06-16 00:00:00,1958.223,1967.848,1953.188,1957.441,95087.0,1957.441,1957.641
2023-06-18 00:00:00,1958.5,1958.561,1956.235,1957.038,3499.0,1957.038,1957.238
2023-06-19 00:00:00,1957.046,1958.711,1947.734,1952.197,61241.0,1952.197,1952.397
2023-06-20 00:00:00,1952.383,1956.727,1929.584,1937.231,99436.0,1937.231,1937.431
2023-06-21 00:00:00,1937.225,1939.431,1918.808,1933.839,106485.0,1933.839,1934.039
2023-06-22 00:00:00,1933.838,1934.198,1912.355,1914.439,95129.0,1914.439,1914.6390000000001
2023-06-23 00:00:00,1914.439,1937.231,1910.091,1921.192,95850.0,1921.192,1921.392
2023-06-25 00:00:00,1922.951,1925.402,1922.682,1925.294,4392.0,1925.294,1925.4940000000001
2023-06-26 00:00:00,1925.293,1933.28,1920.902,1922.485,86276.0,1922.485,1922.685
2023-06-27 00:00:00,1922.501,1930.639,1910.8,1915.385,89607.0,1915.385,1915.585
2023-06-28 00:00:00,1915.389,1917.174,1902.5,1909.681,89687.0,1909.681,1909.881
2023-06-29 00:00:00,1909.712,1912.847,1892.839,1908.661,97305.0,1908.661,1908.861
2023-06-30 00:00:00,1908.692,1922.693,1900.419,1919.333,91776.0,1919.333,1919.5330000000001
2023-07-02 00:00:00,1918.552,1919.584,1917.464,1918.169,3360.0,1918.169,1918.3690000000001
2023-07-03 00:00:00,1918.164,1930.631,1910.003,1921.181,79028.0,1921.181,1921.381
2023-07-04 00:00:00,1921.18,1930.645,1920.024,1926.176,55092.0,1926.176,1926.376
2023-07-05 00:00:00,1926.247,1934.767,1914.765,1916.772,87093.0,1916.772,1916.972
2023-07-06 00:00:00,1916.784,1927.548,1902.568,1911.516,102467.0,1911.516,1911.7160000000001
2023-07-07 00:00:00,1911.543,1934.845,1909.625,1925.339,93342.0,1925.339,1925.539
2023-07-09 00:00:00,1925.288,1928.14,1923.842,1924.848,4469.0,1924.848,1925.048
2023-07-10 00:00:00,1924.858,1926.88,1912.299,1924.821,82799.0,1924.821,1925.021
2023-07-11 00:00:00,1924.822,1938.404,1924.406,1933.24,81692.0,1933.24,1933.44
2023-07-12 00:00:00,1933.244,1959.618,1933.171,1957.713,94138.0,1957.713,1957.913
2023-07-13 00:00:00,1957.714,1963.303,1952.294,1960.134,94417.0,1960.134,1960.334
2023-07-14 00:00:00,1960.124,1963.671,1950.661,1955.223,90901.0,1955.223,1955.423
2023-07-16 00:00:00,1954.975,1954.975,1951.354,1953.281,4160.0,1953.281,1953.481
2023-07-17 00:00:00,1953.281,1959.801,1945.553,1955.398,81277.0,1955.398,1955.598
2023-07-18 00:00:00,1955.396,1984.251,1954.677,1977.481,102235.0,1977.481,1977.681
2023-07-19 00:00:00,1977.464,1980.859,1969.692,1977.683,83620.0,1977.683,1977.883
2023-07-20 00:00:00,1977.661,1987.421,1965.32,1972.197,90602.0,1972.197,1972.397
2023-07-21 00:00:00,1972.227,1973.735,1956.605,1961.851,82263.0,1961.851,1962.0510000000002
2023-07-23 00:00:00,1962.228,1962.882,1960.351,1961.177,2975.0,1961.177,1961.377
2023-07-24 00:00:00,1961.172,1967.805,1953.174,1954.393,85839.0,1954.393,1954.593
2023-07-25 00:00:00,1954.394,1966.242,1951.787,1965.284,82941.0,1965.284,1965.4840000000002
2023-07-26 00:00:00,1965.283,1978.243,1962.002,1972.009,94552.0,1972.009,1972.209
2023-07-27 00:00:00,1972.012,1982.133,1942.018,1947.443,107110.0,1947.443,1947.643
2023-07-28 00:00:00,1947.411,1963.46,1946.054,1959.184,106930.0,1959.184,1959.384
2023-07-30 00:00:00,1959.875,1960.47,1957.373,1958.063,3961.0,1958.063,1958.2630000000001
2023-07-31 00:00:00,1958.054,1972.326,1950.718,1963.907,82332.0,1963.907,1964.107
2023-08-01 00:00:00,1963.906,1964.628,1941.209,1952.146,91697.0,1952.146,1952.346
2023-08-02 00:00:00,1952.14,1954.752,1932.864,1936.0,90771.0,1936.0,1936.2
2023-08-03 00:00:00,1936.025,1938.822,1929.496,1935.774,92179.0,1935.774,1935.974
2023-08-04 00:00:00,1935.747,1946.752,1925.071,1942.483,88437.0,1942.483,1942.683
2023-08-06 00:00:00,1942.56,1946.648,1942.415,1943.79,4433.0,1943.79,1943.99
2023-08-07 00:00:00,1943.785,1945.267,1931.357,1936.732,76143.0,1936.732,1936.932
2023-08-08 00:00:00,1936.763,1937.305,1922.508,1925.569,82161.0,1925.569,1925.769
2023-08-09 00:00:00,1925.574,1932.204,1913.983,1916.688,80888.0,1916.688,1916.8880000000001
2023-08-10 00:00:00,1916.688,1929.514,1910.694,1912.358,90708.0,1912.358,1912.558
2023-08-11 00:00:00,1912.358,1920.882,1911.858,1913.786,72542.0,1913.786,1913.986
2023-08-13 00:00:00,1913.666,1915.181,1912.395,1913.62,3311.0,1913.62,1913.82
2023-08-14 00:00:00,1913.62,1916.156,1902.465,1907.557,77664.0,1907.557,1907.757
2023-08-15 00:00:00,1907.567,1911.563,1896.208,1901.419,89207.0,1901.419,1901.6190000000001
2023-08-16 00:00:00,1901.412,1907.146,1891.652,1893.295,78591.0,1893.295,1893.4950000000001
2023-08-17 00:00:00,1893.298,1903.413,1884.996,1891.227,81652.0,1891.227,1891.4270000000001
2023-08-18 00:00:00,1891.231,1896.549,1886.724,1889.529,71926.0,1889.529,1889.729
2023-08-20 00:00:00,1889.357,1890.823,1888.8,1889.919,3175.0,1889.919,1890.1190000000001
2023-08-21 00:00:00,1889.934,1898.47,1884.547,1894.664,79698.0,1894.664,1894.864
2023-08-22 00:00:00,1894.674,1904.41,1888.824,1898.478,73976.0,1898.478,1898.678
2023-08-23 00:00:00,1898.476,1920.292,1898.432,1917.849,82470.0,1917.849,1918.049
2023-08-24 00:00:00,1917.849,1923.056,1911.554,1915.847,75281.0,1915.847,1916.047
2023-08-25 00:00:00,1915.845,1922.118,1903.45,1914.321,80408.0,1914.321,1914.521
2023-08-27 00:00:00,1915.974,1916.068,1914.322,1915.028,3310.0,1915.028,1915.228
2023-08-28 00:00:00,1915.029,1925.991,1912.694,1921.186,63467.0,1921.186,1921.386
2023-08-29 00:00:00,1921.199,1938.12,1914.357,1936.168,74859.0,1936.168,1936.368
2023-08-30 00:00:00,1936.176,1949.006,1934.94,1944.185,75675.0,1944.185,1944.385
2023-08-31 00:00:00,1944.195,1947.66,1939.033,1939.824,70635.0,1939.824,1940.0240000000001
2023-09-01 00:00:00,1939.828,1952.331,1934.334,1939.704,77934.0,1939.704,1939.904
2023-09-03 00:00:00,1939.987,1941.0,1939.406,1940.558,2143.0,1940.558,1940.758
2023-09-04 00:00:00,1940.557,1946.232,1936.688,1937.659,46362.0,1937.659,1937.8590000000002
2023-09-05 00:00:00,1937.551,1938.927,1925.272,1926.559,72879.0,1926.559,1926.759
2023-09-06 00:00:00,1926.559,1929.079,1915.153,1917.091,72856.0,1917.091,1917.291
2023-09-07 00:00:00,1917.086,1923.414,1915.987,1920.247,65696.0,1920.247,1920.4470000000001
2023-09-08 00:00:00,1920.255,1929.558,1917.153,1918.973,64958.0,1918.973,1919.173
2023-09-10 00:00:00,1919.621,1919.653,1916.576,1918.801,4003.0,1918.801,1919.001
2023-09-11 00:00:00,1918.795,1930.44,1918.316,1921.624,71007.0,1921.624,1921.824
2023-09-12 00:00:00,1921.59,1924.447,1907.232,1912.858,69301.0,1912.858,1913.058
2023-09-13 00:00:00,1912.857,1915.545,1905.105,1909.176,79606.0,1909.176,1909.376
2023-09-14 00:00:00,1909.169,1912.856,1900.918,1909.735,82527.0,1909.735,1909.935
2023-09-15 00:00:00,1909.766,1930.372,1909.766,1923.831,75295.0,1923.831,1924.031
2023-09-17 00:00:00,1924.077,1924.53,1922.547,1923.227,2713.0,1923.227,1923.4270000000001
2023-09-18 00:00:00,1923.227,1934.453,1922.723,1934.04,67196.0,1934.04,1934.24
2023-09-19 00:00:00,1934.061,1937.345,1929.723,1931.319,61555.0,1931.319,1931.519
2023-09-20 00:00:00,1931.317,1947.361,1927.837,1929.424,82827.0,1929.424,1929.624
2023-09-21 00:00:00,1929.428,1930.451,1913.641,1921.353,82595.0,1921.353,1921.553
2023-09-22 00:00:00,1921.361,1928.846,1921.19,1925.231,66567.0,1925.231,1925.431
2023-09-24 00:00:00,1926.116,1926.294,1924.402,1924.717,3126.0,1924.717,1924.9170000000001
2023-09-25 00:00:00,1924.73,1927.147,1914.981,1916.207,68740.0,1916.207,1916.4070000000002
2023-09-26 00:00:00,1916.209,1916.447,1899.103,1901.529,71470.0,1901.529,1901.729
2023-09-27 00:00:00,1901.524,1903.712,1872.491,1877.562,79490.0,1877.562,1877.762
2023-09-28 00:00:00,1877.583,1879.49,1857.494,1866.7,87844.0,1866.7,1866.9
2023-09-29 00:00:00,1866.695,1879.601,1846.282,1848.796,88176.0,1848.796,1848.996
2023-10-01 00:00:00,1847.284,1848.678,1845.687,1848.314,4065.0,1848.314,1848.5140000000001
2023-10-02 00:00:00,1848.314,1848.885,1820.404,1824.944,91703.0,1824.944,1825.144
2023-10-03 00:00:00,1824.919,1833.344,1815.218,1823.303,112739.0,1823.303,1823.5030000000002
2023-10-04 00:00:00,1823.303,1830.542,1816.556,1822.524,101114.0,1822.524,1822.724
2023-10-05 00:00:00,1822.472,1829.173,1812.994,1821.272,86951.0,1821.272,1821.472
2023-10-06 00:00:00,1821.272,1834.832,1810.402,1831.9,96662.0,1831.9,1832.1000000000001
2023-10-08 00:00:00,1853.39,1854.643,1845.525,1847.965,10973.0,1847.965,1848.165
2023-10-09 00:00:00,1847.992,1863.416,1844.161,1862.536,84497.0,1862.536,1862.736
2023-10-10 00:00:00,1862.582,1865.278,1852.97,1859.647,88390.0,1859.647,1859.847
2023-10-11 00:00:00,1859.633,1877.152,1858.59,1875.25,85908.0,1875.25,1875.45
2023-10-12 00:00:00,1875.251,1884.918,1867.883,1870.555,86445.0,1870.555,1870.755
2023-10-13 00:00:00,1870.546,1932.593,1870.055,1932.217,101879.0,1932.217,1932.4170000000001
2023-10-15 00:00:00,1927.521,1927.521,1921.177,1925.836,7670.0,1925.836,1926.036
2023-10-16 00:00:00,1925.842,1925.927,1908.144,1919.386,92311.0,1919.386,1919.586
2023-10-17 00:00:00,1919.382,1931.323,1912.343,1924.715,93202.0,1924.715,1924.915
2023-10-18 00:00:00,1924.711,1962.597,1923.763,1950.867,107467.0,1950.867,1951.067
2023-10-19 00:00:00,1950.8,1982.381,1945.172,1977.103,114853.0,1977.103,1977.303
2023-10-20 00:00:00,1977.137,1997.135,1971.961,1980.769,111704.0,1980.769,1980.969
2023-10-22 00:00:00,1972.732,1978.541,1970.037,1971.554,6283.0,1971.554,1971.7540000000001
2023-10-23 00:00:00,1971.516,1982.768,1964.273,1973.522,102758.0,1973.522,1973.722
2023-10-24 00:00:00,1973.52,1980.832,1953.409,1972.844,101747.0,1972.844,1973.044
2023-10-25 00:00:00,1972.848,1987.236,1963.001,1982.92,108694.0,1982.92,1983.1200000000001
2023-10-26 00:00:00,1982.941,1993.424,1971.77,1984.345,101729.0,1984.345,1984.545
2023-10-27 00:00:00,1984.343,2009.356,1976.84,2006.083,100356.0,2006.083,2006.2830000000001
2023-10-29 00:00:00,2002.989,2004.741,1996.833,2002.621,9375.0,2002.621,2002.8210000000001
2023-10-30 00:00:00,2002.649,2006.767,1990.941,1995.513,95379.0,1995.513,1995.713
2023-10-31 00:00:00,1995.531,2007.849,1978.806,1983.667,101913.0,1983.667,1983.867
2023-11-01 00:00:00,1983.67,1992.618,1969.823,1985.01,107154.0,1985.01,1985.21
2023-11-02 00:00:00,1984.989,1990.926,1978.798,1984.961,85339.0,1984.961,1985.161
2023-11-03 00:00:00,1984.956,2004.002,1983.218,1992.516,95233.0,1992.516,1992.7160000000001
2023-11-05 00:00:00,1991.419,1991.579,1987.149,1988.47,2473.0,1988.47,1988.67
2023-11-06 00:00:00,1988.473,1993.042,1975.736,1976.677,82743.0,1976.677,1976.877
2023-11-07 00:00:00,1976.653,1977.001,1956.624,1968.902,89594.0,1968.902,1969.102
2023-11-08 00:00:00,1968.908,1970.989,1947.335,1950.812,88849.0,1950.812,1951.012
2023-11-09 00:00:00,1950.815,1965.718,1944.514,1959.058,97692.0,1959.058,1959.258
2023-11-10 00:00:00,1959.06,1960.715,1932.898,1938.353,85417.0,1938.353,1938.553
2023-11-12 00:00:00,1941.002,1941.299,1921.384,1940.344,2187.0,1940.344,1940.544
2023-11-13 00:00:00,1940.374,1949.187,1931.604,1946.4,79791.0,1946.4,1946.6000000000001
2023-11-14 00:00:00,1946.414,1970.954,1937.47,1962.493,90777.0,1962.493,1962.693
2023-11-15 00:00:00,1962.487,1975.28,1955.412,1960.331,90297.0,1960.331,1960.531
2023-11-16 00:00:00,1960.333,1987.943,1956.436,1982.599,86806.0,1982.599,1982.798
2023-11-17 00:00:00,1982.577,1993.409,1978.514,1980.635,84992.0,1980.635,1980.834
2023-11-19 00:00:00,1977.456,1978.695,1974.12,1974.471,2471.0,1974.471,1974.67
2023-11-20 00:00:00,1974.532,1985.122,1965.416,1981.169,95902.0,1981.169,1981.3680000000002
2023-11-21 00:00:00,1981.155,2007.488,1980.709,1999.339,102340.0,1999.339,1999.538
2023-11-22 00:00:00,1999.338,2006.394,1986.851,1990.506,92532.0,1990.506,1990.7050000000002
2023-11-23 00:00:00,1990.515,1998.562,1989.762,1993.983,58355.0,1993.983,1994.182
2023-11-24 00:00:00,1994.072,2003.621,1991.467,2002.19,69438.0,2002.19,2002.3890000000001
2023-11-26 00:00:00,2000.897,2002.978,2000.484,2002.25,2311.0,2002.25,2002.607
2023-11-27 00:00:00,2002.364,2018.187,2001.79,2015.215,99708.0,2015.215,2015.414
2023-11-28 00:00:00,2015.217,2044.573,2011.389,2044.406,94608.0,2044.406,2044.605
2023-11-29 00:00:00,2044.426,2052.03,2035.228,2044.643,109456.0,2044.643,2044.842
2023-11-30 00:00:00,2044.64,2047.26,2031.274,2039.918,101387.0,2039.918,2040.117
2023-12-01 00:00:00,2040.075,2075.271,2033.825,2071.554,107664.0,2071.554,2071.753
2023-12-03 00:00:00,2074.106,2144.465,2071.634,2117.509,17125.0,2117.509,2117.89
2023-12-04 00:00:00,2117.935,2120.648,2019.986,2034.087,189490.0,2034.087,2034.286
2023-12-05 00:00:00,2033.931,2041.17,2009.744,2018.903,134342.0,2018.903,2019.102
2023-12-06 00:00:00,2018.904,2035.915,2018.683,2027.006,110315.0,2027.006,2027.2050000000002
2023-12-07 00:00:00,2026.977,2039.889,2020.091,2027.916,109390.0,2027.916,2028.115
2023-12-08 00:00:00,2028.061,2034.004,1994.518,2004.34,127462.0,2004.34,2004.539
2023-12-10 00:00:00,2005.584,2007.648,2004.547,2007.054,3143.0,2007.054,2007.2530000000002
2023-12-11 00:00:00,2006.993,2007.808,1975.841,1982.96,106030.0,1982.96,1983.159
2023-12-12 00:00:00,1982.954,1996.662,1977.115,1982.453,104515.0,1982.453,1982.652
2023-12-13 00:00:00,1982.452,2033.128,1973.033,2032.813,123529.0,2032.813,2033.0120000000002
2023-12-14 00:00:00,2032.858,2047.909,2027.353,2035.552,144916.0,2035.552,2035.751
2023-12-15 00:00:00,2035.52,2044.909,2015.546,2019.491,116109.0,2019.491,2019.69
2023-12-17 00:00:00,2019.802,2020.102,2015.895,2017.415,3338.0,2017.415,2017.614
2023-12-18 00:00:00,2017.414,2033.69,2016.067,2027.604,96959.0,2027.604,2027.803
2023-12-19 00:00:00,2027.568,2046.965,2021.696,2040.932,98161.0,2040.932,2041.131
2023-12-20 00:00:00,2040.862,2043.445,2027.387,2032.128,95462.0,2032.128,2032.327
2023-12-21 00:00:00,2032.103,2055.012,2031.906,2052.778,98487.0,2052.778,2052.977
2023-12-22 00:00:00,2052.788,2070.611,2046.753,2053.095,106445.0,2053.095,2053.294
2023-12-25 00:00:00,2057.746,2057.746,2052.916,2054.497,1477.0,2054.497,2055.6119999999996
2023-12-26 00:00:00,2054.489,2069.045,2053.318,2065.502,59324.0,2065.502,2065.759
2023-12-27 00:00:00,2065.846,2084.425,2061.469,2079.169,89047.0,2079.169,2079.368
2023-12-28 00:00:00,2079.268,2088.485,2064.456,2066.564,100103.0,2066.564,2066.763
2023-12-29 00:00:00,2066.602,2074.729,2058.095,2062.838,93911.0,2062.838,2063.0370000000003
2024-01-01 00:00:00,2064.593,2066.095,2062.645,2063.543,1996.0,2063.543,2063.92
2024-01-02 00:00:00,2063.347,2078.877,2056.097,2059.476,101297.0,2059.476,2059.675
2024-01-03 00:00:00,2059.448,2065.982,2030.522,2042.666,120881.0,2042.666,2042.865
2024-01-04 00:00:00,2042.657,2050.958,2036.174,2043.865,98743.0,2043.865,2044.064
2024-01-05 00:00:00,2043.917,2063.986,2024.317,2045.479,136497.0,2045.479,2045.678
2024-01-07 00:00:00,2044.595,2045.575,2042.902,2044.208,2759.0,2044.208,2044.4070000000002
2024-01-08 00:00:00,2044.212,2046.59,2016.674,2030.439,118359.0,2030.439,2030.6380000000001
2024-01-09 00:00:00,2030.411,2042.004,2026.021,2030.401,108999.0,2030.401,2030.6000000000001
2024-01-10 00:00:00,2030.403,2040.263,2020.353,2026.358,102580.0,2026.358,2026.557
2024-01-11 00:00:00,2026.413,2047.852,2013.209,2034.954,134638.0,2034.954,2035.153
2024-01-12 00:00:00,2035.011,2062.267,2030.01,2049.032,119436.0,2049.032,2049.231
2024-01-14 00:00:00,2048.13,2048.705,2046.293,2047.612,2659.0,2047.612,2047.8120000000001
2024-01-15 00:00:00,2047.652,2058.626,2045.764,2053.841,73428.0,2053.841,2054.04
2024-01-16 00:00:00,2053.997,2054.508,2024.188,2027.826,127362.0,2027.826,2028.025
2024-01-17 00:00:00,2027.858,2032.935,2001.739,2009.243,121508.0,2009.243,2009.442
2024-01-18 00:00:00,2009.261,2024.232,2005.717,2023.423,100416.0,2023.423,2023.622
2024-01-19 00:00:00,2023.523,2039.232,2020.31,2029.452,91505.0,2029.452,2029.651
2024-01-21 00:00:00,2028.529,2028.563,2026.882,2027.504,2792.0,2027.504,2027.704
2024-01-22 00:00:00,2027.49,2032.074,2016.399,2020.552,95510.0,2020.552,2020.751
2024-01-23 00:00:00,2020.554,2037.908,2019.559,2029.137,96061.0,2029.137,2029.336
2024-01-24 00:00:00,2029.003,2036.63,2011.138,2016.101,105223.0,2016.101,2016.3000000000002
2024-01-25 00:00:00,2015.977,2025.241,2009.497,2020.248,98769.0,2020.248,2020.4470000000001
2024-01-26 00:00:00,2020.356,2026.819,2015.854,2018.469,84386.0,2018.469,2018.6680000000001
2024-01-28 00:00:00,2023.424,2028.599,2021.187,2021.831,5024.0,2021.831,2022.03
2024-01-29 00:00:00,2021.832,2037.561,2019.282,2030.73,90006.0,2030.73,2030.929
2024-01-30 00:00:00,2030.692,2048.556,2029.024,2036.231,98561.0,2036.231,2036.43
2024-01-31 00:00:00,2036.4,2055.969,2030.821,2039.784,126209.0,2039.784,2039.9830000000002
2024-02-01 00:00:00,2039.897,2065.458,2029.913,2054.627,120393.0,2054.627,2054.826
2024-02-02 00:00:00,2054.638,2057.623,2027.741,2039.607,109074.0,2039.607,2039.806
2024-02-04 00:00:00,2041.781,2042.217,2039.07,2039.716,3243.0,2039.716,2039.915
2024-02-05 00:00:00,2039.298,2039.822,2014.811,2024.859,98311.0,2024.859,2025.058
2024-02-06 00:00:00,2024.81,2038.88,2022.831,2035.069,89956.0,2035.069,2035.268
2024-02-07 00:00:00,2035.115,2044.527,2030.508,2036.227,83874.0,2036.227,2036.4260000000002
2024-02-08 00:00:00,2036.221,2038.726,2020.115,2034.123,89631.0,2034.123,2034.3220000000001
2024-02-09 00:00:00,2033.939,2037.174,2020.193,2024.24,82302.0,2024.24,2024.439
2024-02-11 00:00:00,2026.346,2026.705,2024.402,2025.266,2169.0,2025.266,2025.4660000000001
2024-02-12 00:00:00,2025.417,2027.553,2011.873,2018.65,77644.0,2018.65,2018.8490000000002
2024-02-13 00:00:00,2018.601,2032.196,1989.965,1991.193,98952.0,1991.193,1991.392
2024-02-14 00:00:00,1991.332,1996.068,1984.158,1993.452,91690.0,1993.452,1993.651
2024-02-15 00:00:00,1993.441,2008.221,1990.172,2003.157,87912.0,2003.157,2003.356
2024-02-16 00:00:00,2003.094,2015.126,1995.07,2013.269,89561.0,2013.269,2013.468
2024-02-18 00:00:00,2012.706,2019.066,1997.784,2010.603,4243.0,2010.603,2010.803
2024-02-19 00:00:00,2012.792,2022.956,2009.184,2016.203,63451.0,2016.203,2016.402
2024-02-20 00:00:00,2015.981,2030.875,2014.957,2024.128,80367.0,2024.128,2024.327
2024-02-21 00:00:00,2024.048,2032.25,2020.001,2025.568,82601.0,2025.568,2025.767
2024-02-22 00:00:00,2025.483,2034.833,2019.547,2024.677,88912.0,2024.677,2024.876
2024-02-23 00:00:00,2024.524,2041.344,2015.981,2035.524,84868.0,2035.524,2035.723
2024-02-25 00:00:00,2033.24,2034.94,2033.179,2034.224,2093.0,2034.224,2034.424
2024-02-26 00:00:00,2033.996,2037.02,2025.015,2031.073,79981.0,2031.073,2031.2720000000002
2024-02-27 00:00:00,2030.986,2039.471,2028.677,2030.09,76574.0,2030.09,2030.289
2024-02-28 00:00:00,2029.968,2037.922,2024.476,2034.303,77437.0,2034.303,2034.5020000000002
2024-02-29 00:00:00,2034.378,2050.671,2028.064,2043.981,88660.0,2043.981,2044.18
2024-03-01 00:00:00,2044.053,2088.31,2039.039,2083.315,98743.0,2083.315,2083.514
2024-03-03 00:00:00,2082.522,2086.145,2082.522,2083.44,2901.0,2083.44,2083.639
2024-03-04 00:00:00,2083.591,2119.885,2079.411,2114.48,99739.0,2114.48,2114.679
2024-03-05 00:00:00,2114.34,2141.881,2110.41,2128.162,124544.0,2128.162,2128.361
2024-03-06 00:00:00,2127.777,2152.234,2123.603,2147.192,119470.0,2147.192,2147.391
2024-03-07 00:00:00,2146.851,2164.753,2144.185,2161.467,123539.0,2161.467,2161.666
2024-03-08 00:00:00,2161.643,2195.146,2153.952,2178.502,136803.0,2178.502,2178.701
2024-03-10 00:00:00,2179.559,2183.825,2177.113,2181.567,5759.0,2181.567,2181.766
2024-03-11 00:00:00,2181.593,2189.012,2174.633,2183.552,102788.0,2183.552,2183.751
2024-03-12 00:00:00,2183.551,2184.483,2150.467,2156.915,130704.0,2156.915,2157.114
2024-03-13 00:00:00,2156.907,2179.797,2156.531,2175.361,101986.0,2175.361,2175.56
2024-03-14 00:00:00,2175.448,2176.971,2152.649,2161.645,105707.0,2161.645,2161.844
2024-03-15 00:00:00,2161.698,2172.712,2155.092,2155.697,95303.0,2155.697,2155.896
2024-03-17 00:00:00,2153.279,2156.533,2153.081,2156.516,5016.0,2156.516,2156.716
2024-03-18 00:00:00,2156.473,2163.613,2146.028,2161.65,93284.0,2161.65,2161.849
2024-03-19 00:00:00,2162.053,2162.836,2147.156,2157.009,96937.0,2157.009,2157.208
2024-03-20 00:00:00,2157.054,2211.005,2149.55,2203.501,130180.0,2203.501,2203.7000000000003
2024-03-21 00:00:00,2203.971,2212.563,2166.296,2181.491,141858.0,2181.491,2181.69
2024-03-22 00:00:00,2181.676,2186.043,2156.981,2165.338,111852.0,2165.338,2165.5370000000003
2024-03-24 00:00:00,2166.313,2168.894,2165.06,2168.337,5628.0,2168.337,2168.536
2024-03-25 00:00:00,2168.318,2181.26,2163.415,2172.878,102886.0,2172.878,2173.077
2024-03-26 00:00:00,2172.883,2200.05,2167.54,2179.466,109276.0,2179.466,2179.665
2024-03-27 00:00:00,2179.463,2197.586,2173.105,2190.969,107746.0,2190.969,2191.168
2024-03-28 00:00:00,2190.723,2236.293,2187.305,2232.587,123652.0,2232.587,2232.786
2024-03-31 00:00:00,2239.644,2247.34,2235.573,2244.928,10518.0,2244.928,2245.227
2024-04-01 00:00:00,2245.959,2265.678,2228.473,2248.935,129050.0,2248.935,2249.134
2024-04-02 00:00:00,2248.963,2288.148,2246.656,2280.206,151315.0,2280.206,2280.405
2024-04-03 00:00:00,2279.886,2302.445,2265.347,2297.448,153594.0,2297.448,2297.647
2024-04-04 00:00:00,2297.5,2305.537,2279.817,2288.891,143518.0,2288.891,2289.09
2024-04-05 00:00:00,2288.702,2330.526,2267.751,2329.355,173372.0,2329.355,2329.554
2024-04-07 00:00:00,2327.315,2328.564,2303.998,2311.647,19545.0,2311.647,2311.846
2024-04-08 00:00:00,2311.297,2354.147,2302.862,2338.788,231306.0,2338.788,2338.987
2024-04-09 00:00:00,2338.784,2365.34,2337.771,2354.776,184312.0,2354.776,2354.975
2024-04-10 00:00:00,2354.899,2360.079,2319.215,2335.429,228316.0,2335.429,2335.628
2024-04-11 00:00:00,2335.489,2379.358,2325.593,2377.0,178661.0,2377.0,2377.199
2024-04-12 00:00:00,2376.787,2431.528,2333.794,2344.382,305463.0,2344.382,2344.581
2024-04-14 00:00:00,2369.105,2371.92,2346.754,2364.486,11695.0,2364.486,2364.685
2024-04-15 00:00:00,2364.446,2391.957,2324.099,2381.833,250462.0,2381.833,2382.032
2024-04-16 00:00:00,2381.896,2398.263,2362.963,2382.843,237484.0,2382.843,2383.042
2024-04-17 00:00:00,2382.703,2395.581,2354.56,2367.839,195073.0,2367.839,2368.038
2024-04-18 00:00:00,2367.836,2392.804,2364.009,2380.003,168116.0,2380.003,2380.202
2024-04-19 00:00:00,2379.867,2417.894,2372.761,2390.677,255499.0,2390.677,2390.876
2024-04-21 00:00:00,2384.011,2388.595,2381.882,2386.483,9785.0,2386.483,2386.6820000000002
2024-04-22 00:00:00,2386.506,2386.506,2324.55,2333.738,189192.0,2333.738,2333.937
2024-04-23 00:00:00,2333.715,2334.376,2291.332,2323.21,218340.0,2323.21,2323.409
2024-04-24 00:00:00,2323.225,2337.354,2311.706,2316.219,155167.0,2316.219,2316.418
2024-04-25 00:00:00,2316.223,2344.872,2304.834,2330.621,174066.0,2330.621,2330.82
2024-04-26 00:00:00,2330.617,2352.555,2326.218,2337.792,141793.0,2337.792,2337.991
2024-04-28 00:00:00,2333.884,2336.829,2332.473,2335.985,6405.0,2335.985,2336.184
2024-04-29 00:00:00,2335.937,2346.709,2319.802,2333.173,153508.0,2333.173,2333.372
2024-04-30 00:00:00,2333.178,2336.113,2284.999,2291.244,156493.0,2291.244,2291.443
2024-05-01 00:00:00,2291.256,2328.294,2281.544,2323.809,178219.0,2323.809,2324.0080000000003
2024-05-02 00:00:00,2323.848,2326.493,2285.392,2304.247,147784.0,2304.247,2304.446
2024-05-03 00:00:00,2304.243,2320.712,2277.074,2301.627,171329.0,2301.627,2301.826
2024-05-05 00:00:00,2302.321,2303.288,2293.261,2293.968,7234.0,2293.968,2294.167
2024-05-06 00:00:00,2293.929,2332.091,2291.767,2325.943,148842.0,2325.943,2326.1420000000003
2024-05-07 00:00:00,2325.953,2329.926,2309.915,2315.118,117092.0,2315.118,2315.317
2024-05-08 00:00:00,2315.167,2321.336,2303.584,2308.74,124539.0,2308.74,2308.939
2024-05-09 00:00:00,2308.733,2348.325,2306.468,2346.516,132270.0,2346.516,2346.715
2024-05-10 00:00:00,2346.56,2378.476,2345.925,2360.449,146667.0,2360.449,2360.648
2024-05-12 00:00:00,2361.401,2363.093,2359.738,2360.41,5288.0,2360.41,2360.609
2024-05-13 00:00:00,2360.448,2364.489,2332.029,2338.408,129009.0,2338.408,2338.607
2024-05-14 00:00:00,2338.39,2359.592,2334.734,2355.772,131674.0,2355.772,2355.971
2024-05-15 00:00:00,2355.77,2391.911,2351.748,2391.769,158937.0,2391.769,2391.968
2024-05-16 00:00:00,2391.764,2397.341,2370.885,2377.726,139611.0,2377.726,2377.925
2024-05-17 00:00:00,2377.72,2422.733,2373.908,2413.933,137757.0,2413.933,2414.132
2024-05-19 00:00:00,2425.201,2425.201,2416.732,2420.194,10238.0,2420.194,2420.393
2024-05-20 00:00:00,2420.205,2450.026,2407.273,2426.133,208142.0,2426.133,2426.332
2024-05-21 00:00:00,2426.136,2433.928,2406.037,2421.654,171622.0,2421.654,2421.853
2024-05-22 00:00:00,2421.659,2426.542,2374.935,2382.124,169781.0,2382.124,2382.323
2024-05-23 00:00:00,2382.155,2383.687,2326.867,2332.012,191720.0,2332.012,2332.2110000000002
2024-05-24 00:00:00,2332.015,2347.385,2325.351,2333.781,122340.0,2333.781,2333.98
2024-05-26 00:00:00,2335.785,2340.685,2332.183,2337.175,6786.0,2337.175,2337.3740000000003
2024-05-27 00:00:00,2337.186,2358.486,2334.36,2352.372,95245.0,2352.372,2352.571
2024-05-28 00:00:00,2352.412,2364.109,2340.229,2359.685,145889.0,2359.685,2359.884
2024-05-29 00:00:00,2359.648,2361.361,2334.487,2338.364,130877.0,2338.364,2338.563
2024-05-30 00:00:00,2338.378,2351.847,2322.52,2343.907,155574.0,2343.907,2344.106
2024-05-31 00:00:00,2343.921,2359.692,2320.526,2327.191,154225.0,2327.191,2327.39
2024-06-02 00:00:00,2328.496,2328.76,2323.34,2325.937,6616.0,2325.937,2326.136
2024-06-03 00:00:00,2325.967,2354.746,2314.676,2350.629,144179.0,2350.629,2350.828
2024-06-04 00:00:00,2350.641,2352.79,2315.547,2328.786,147508.0,2328.786,2328.985
2024-06-05 00:00:00,2328.79,2357.389,2325.827,2355.012,136529.0,2355.012,2355.2110000000002
2024-06-06 00:00:00,2355.008,2378.522,2353.336,2376.73,137963.0,2376.73,2376.929
2024-06-07 00:00:00,2376.735,2387.697,2286.723,2293.799,196751.0,2293.799,2293.998
2024-06-09 00:00:00,2290.431,2300.041,2290.38,2298.478,7159.0,2298.478,2298.677
2024-06-10 00:00:00,2298.477,2313.758,2287.71,2309.931,120046.0,2309.931,2310.13
2024-06-11 00:00:00,2309.926,2319.95,2297.625,2315.071,132242.0,2315.071,2315.27
2024-06-12 00:00:00,2315.056,2341.627,2310.654,2320.549,172657.0,2320.549,2320.748
2024-06-13 00:00:00,2320.569,2326.755,2295.463,2302.335,146146.0,2302.335,2302.534
2024-06-14 00:00:00,2302.38,2336.562,2301.504,2332.824,127461.0,2332.824,2333.023
2024-06-16 00:00:00,2331.087,2331.483,2327.411,2328.874,4385.0,2328.874,2329.073
2024-06-17 00:00:00,2328.918,2328.947,2309.951,2320.645,110328.0,2320.645,2320.844
2024-06-18 00:00:00,2320.634,2333.079,2306.502,2328.255,120039.0,2328.255,2328.454
2024-06-19 00:00:00,2328.272,2334.96,2323.666,2329.342,73445.0,2329.342,2329.541
2024-06-20 00:00:00,2329.358,2365.508,2327.736,2360.747,127603.0,2360.747,2360.946
2024-06-21 00:00:00,2360.765,2368.732,2316.65,2321.503,135609.0,2321.503,2321.702
2024-06-23 00:00:00,2321.11,2322.193,2317.682,2319.187,5099.0,2319.187,2319.386
2024-06-24 00:00:00,2319.169,2334.629,2317.86,2330.877,110104.0,2330.877,2331.076
2024-06-25 00:00:00,2330.869,2337.087,2315.436,2320.027,117227.0,2320.027,2320.226
2024-06-26 00:00:00,2319.977,2323.89,2293.524,2298.401,129635.0,2298.401,2298.6
2024-06-27 00:00:00,2298.412,2330.936,2296.429,2327.72,116307.0,2327.72,2327.919
2024-06-28 00:00:00,2327.663,2339.809,2318.984,2326.638,115832.0,2326.638,2326.837
2024-06-30 00:00:00,2322.849,2326.157,2322.837,2324.933,4751.0,2324.933,2325.132
2024-07-01 00:00:00,2324.951,2338.478,2318.446,2332.222,114515.0,2332.222,2332.4210000000003
2024-07-02 00:00:00,2332.216,2336.779,2319.004,2330.18,111962.0,2330.18,2330.379
2024-07-03 00:00:00,2330.177,2364.926,2326.799,2358.699,118618.0,2358.699,2358.898
2024-07-04 00:00:00,2358.721,2362.54,2350.33,2356.721,72106.0,2356.721,2356.92
2024-07-05 00:00:00,2356.753,2392.927,2347.375,2391.557,127446.0,2391.557,2391.756
2024-07-07 00:00:00,2389.586,2390.178,2384.767,2386.117,5361.0,2386.117,2386.3160000000003
2024-07-08 00:00:00,2386.065,2391.088,2350.975,2361.711,122056.0,2361.711,2361.91
2024-07-09 00:00:00,2361.738,2371.583,2349.327,2364.966,122084.0,2364.966,2365.165
2024-07-10 00:00:00,2364.944,2386.657,2363.304,2372.852,101977.0,2372.852,2373.051
2024-07-11 00:00:00,2372.832,2424.538,2371.418,2415.854,157046.0,2415.854,2416.053
2024-07-12 00:00:00,2415.851,2418.241,2391.352,2411.399,121851.0,2411.399,2411.598
2024-07-14 00:00:00,2411.619,2412.243,2405.677,2408.657,6541.0,2408.657,2408.8360000000002
2024-07-15 00:00:00,2408.659,2439.76,2401.298,2422.496,131763.0,2422.496,2422.658
2024-07-16 00:00:00,2422.482,2469.967,2419.914,2468.278,147760.0,2468.278,2468.457
2024-07-17 00:00:00,2468.268,2483.757,2451.407,2461.296,180291.0,2461.296,2461.475
2024-07-18 00:00:00,2461.334,2474.966,2440.226,2441.25,145206.0,2441.25,2441.429
2024-07-19 00:00:00,2441.292,2441.343,2393.727,2400.451,172612.0,2400.451,2400.63
2024-07-21 00:00:00,2403.68,2411.931,2402.487,2411.528,7271.0,2411.528,2411.707
2024-07-22 00:00:00,2411.496,2412.188,2383.797,2395.783,141433.0,2395.783,2395.962
2024-07-23 00:00:00,2395.75,2411.984,2388.225,2408.513,129769.0,2408.513,2408.692
2024-07-24 00:00:00,2408.558,2431.954,2393.033,2398.669,151481.0,2398.669,2398.848
2024-07-25 00:00:00,2398.72,2399.985,2353.086,2363.801,219827.0,2363.801,2363.98
2024-07-26 00:00:00,2363.849,2390.799,2355.842,2387.114,141499.0,2387.114,2387.293
2024-07-28 00:00:00,2387.944,2403.181,2387.839,2397.091,11158.0,2397.091,2397.27
2024-07-29 00:00:00,2397.055,2402.46,2369.495,2381.143,146898.0,2381.143,2381.322
2024-07-30 00:00:00,2381.186,2412.878,2376.471,2409.807,149625.0,2409.807,2409.986
2024-07-31 00:00:00,2409.81,2450.951,2403.877,2445.743,174440.0,2445.743,2445.922
2024-08-01 00:00:00,2445.725,2462.302,2430.165,2445.844,204297.0,2445.844,2446.023
2024-08-02 00:00:00,2445.886,2477.704,2410.794,2441.892,265455.0,2441.892,2442.071
2024-08-04 00:00:00,2441.02,2446.337,2437.89,2440.952,13274.0,2440.952,2441.1310000000003
2024-08-05 00:00:00,2440.984,2458.836,2364.245,2404.837,361654.0,2404.837,2405.016
2024-08-06 00:00:00,2404.865,2418.333,2381.404,2383.787,233528.0,2383.787,2383.966
2024-08-07 00:00:00,2383.723,2407.059,2378.931,2384.791,182207.0,2384.791,2384.9700000000003
2024-08-08 00:00:00,2384.835,2427.818,2383.283,2424.595,181402.0,2424.595,2424.774
2024-08-09 00:00:00,2424.519,2437.068,2416.829,2430.805,149099.0,2430.805,2430.984
2024-08-11 00:00:00,2428.332,2433.242,2427.241,2427.927,6505.0,2427.927,2428.106
2024-08-12 00:00:00,2427.928,2476.033,2423.825,2475.536,134686.0,2475.536,2475.705
2024-08-13 00:00:00,2475.58,2476.963,2458.493,2464.06,144295.0,2464.06,2464.229
2024-08-14 00:00:00,2464.104,2480.064,2437.995,2449.408,210028.0,2449.408,2449.5769999999998
2024-08-15 00:00:00,2449.396,2470.095,2432.094,2457.298,203020.0,2457.298,2457.4669999999996
2024-08-16 00:00:00,2457.313,2509.766,2450.695,2507.82,159264.0,2507.82,2507.989
2024-08-18 00:00:00,2506.461,2506.778,2502.271,2506.414,7383.0,2506.414,2506.5930000000003
2024-08-19 00:00:00,2506.42,2507.482,2485.602,2503.544,149194.0,2503.544,2503.723
2024-08-20 00:00:00,2503.554,2531.668,2497.283,2512.964,163278.0,2512.964,2513.143
2024-08-21 00:00:00,2512.976,2519.942,2493.644,2512.783,157321.0,2512.783,2512.962
2024-08-22 00:00:00,2512.732,2514.701,2470.8,2487.564,159985.0,2487.564,2487.743
2024-08-23 00:00:00,2487.574,2518.35,2486.442,2512.357,157940.0,2512.357,2512.536
2024-08-25 00:00:00,2512.067,2516.683,2511.074,2515.917,7412.0,2515.917,2516.076
2024-08-26 00:00:00,2515.903,2527.009,2508.646,2515.511,146720.0,2515.511,2515.67
2024-08-27 00:00:00,2515.512,2529.041,2503.436,2525.269,154861.0,2525.269,2525.428
2024-08-28 00:00:00,2525.223,2525.813,2493.498,2508.11,154025.0,2508.11,2508.2690000000002
2024-08-29 00:00:00,2508.08,2528.669,2503.558,2519.615,155132.0,2519.615,2519.774
2024-08-30 00:00:00,2519.6,2526.914,2494.086,2503.342,168280.0,2503.342,2503.501
2024-09-01 00:00:00,2502.485,2504.76,2501.942,2502.98,5446.0,2502.98,2503.139
2024-09-02 00:00:00,2502.983,2507.31,2489.977,2497.242,100428.0,2497.242,2497.4010000000003
2024-09-03 00:00:00,2497.247,2506.247,2473.282,2493.223,190253.0,2493.223,2493.382
2024-09-04 00:00:00,2493.2,2500.286,2471.86,2495.829,165804.0,2495.829,2495.9880000000003
2024-09-05 00:00:00,2495.827,2523.574,2493.759,2517.282,168570.0,2517.282,2517.4410000000003
2024-09-06 00:00:00,2517.277,2529.225,2485.055,2497.54,235033.0,2497.54,2497.699
2024-09-08 00:00:00,2497.037,2498.279,2495.487,2496.869,6142.0,2496.869,2497.0280000000002
2024-09-09 00:00:00,2496.871,2507.701,2485.503,2506.813,160987.0,2506.813,2506.972
2024-09-10 00:00:00,2506.815,2518.849,2500.052,2518.678,149010.0,2518.678,2518.837
2024-09-11 00:00:00,2518.638,2529.06,2500.844,2511.901,193481.0,2511.901,2512.06
2024-09-12 00:00:00,2511.803,2560.091,2510.973,2558.422,193095.0,2558.422,2558.581
2024-09-13 00:00:00,2558.419,2586.12,2556.78,2579.067,173013.0,2579.067,2579.226
2024-09-15 00:00:00,2578.456,2580.454,2577.561,2579.163,7258.0,2579.163,2579.322
2024-09-16 00:00:00,2579.17,2589.651,2575.285,2583.659,139440.0,2583.659,2583.818
2024-09-17 00:00:00,2583.697,2586.956,2560.661,2574.05,164917.0,2574.05,2574.2090000000003
2024-09-18 00:00:00,2574.019,2600.138,2546.828,2559.239,254206.0,2559.239,2559.398
2024-09-19 00:00:00,2559.239,2594.963,2550.894,2587.282,209080.0,2587.282,2587.4410000000003
2024-09-20 00:00:00,2587.254,2625.754,2584.714,2622.098,185256.0,2622.098,2622.257
2024-09-22 00:00:00,2620.944,2622.12,2619.618,2620.234,5600.0,2620.234,2620.393
2024-09-23 00:00:00,2620.202,2634.881,2613.799,2626.3,162041.0,2626.3,2626.4590000000003
2024-09-24 00:00:00,2626.295,2664.366,2622.524,2658.204,201463.0,2658.204,2658.3630000000003
2024-09-25 00:00:00,2658.163,2670.602,2649.646,2656.256,188166.0,2656.256,2656.415
2024-09-26 00:00:00,2656.359,2685.611,2654.717,2672.601,223959.0,2672.601,2672.76
2024-09-27 00:00:00,2672.61,2674.266,2642.994,2657.983,209521.0,2657.983,2658.1420000000003
2024-09-29 00:00:00,2661.714,2665.106,2659.762,2663.543,9838.0,2663.543,2663.702
2024-09-30 00:00:00,2663.58,2666.069,2624.679,2635.634,202784.0,2635.634,2635.793
2024-10-01 00:00:00,2635.661,2673.222,2633.926,2660.361,202317.0,2660.361,2660.52
2024-10-02 00:00:00,2660.39,2663.362,2641.038,2660.328,170864.0,2660.328,2660.487
2024-10-03 00:00:00,2660.299,2662.968,2638.058,2655.804,184363.0,2655.804,2655.963
2024-10-04 00:00:00,2655.8,2670.167,2632.021,2653.519,203706.0,2653.519,2653.678
2024-10-06 00:00:00,2651.575,2652.397,2649.675,2650.128,6826.0,2650.128,2650.2870000000003
2024-10-07 00:00:00,2650.103,2659.613,2637.728,2642.944,173838.0,2642.944,2643.103
2024-10-08 00:00:00,2642.962,2652.964,2604.686,2621.868,241998.0,2621.868,2622.027
2024-10-09 00:00:00,2621.868,2624.321,2605.116,2608.476,175142.0,2608.476,2608.635
2024-10-10 00:00:00,2608.438,2636.005,2602.164,2633.149,198167.0,2633.149,2633.308
2024-10-11 00:00:00,2633.161,2661.462,2631.937,2656.864,151611.0,2656.864,2657.023
2024-10-13 00:00:00,2650.086,2652.472,2646.866,2648.091,9810.0,2648.091,2648.25
2024-10-14 00:00:00,2648.131,2666.838,2643.075,2649.357,155997.0,2649.357,2649.516
2024-10-15 00:00:00,2649.419,2668.93,2637.975,2660.5,174522.0,2660.5,2660.659
2024-10-16 00:00:00,2660.498,2685.394,2658.722,2674.087,175421.0,2674.087,2674.246
2024-10-17 00:00:00,2674.122,2696.788,2673.132,2693.706,191669.0,2693.706,2693.8650000000002
2024-10-18 00:00:00,2693.669,2722.633,2692.768,2721.778,182491.0,2721.778,2721.937
2024-10-20 00:00:00,2723.092,2725.145,2720.179,2723.416,7439.0,2723.416,2723.5750000000003
2024-10-21 00:00:00,2723.457,2740.552,2714.204,2721.483,211140.0,2721.483,2721.6420000000003
2024-10-22 00:00:00,2721.483,2748.908,2720.633,2746.553,170417.0,2746.553,2746.712
2024-10-23 00:00:00,2746.557,2758.508,2708.63,2721.258,211359.0,2721.258,2721.417
2024-10-24 00:00:00,2721.219,2743.208,2717.752,2733.844,178418.0,2733.844,2734.003
2024-10-25 00:00:00,2733.885,2747.774,2716.958,2747.023,160219.0,2747.023,2747.1820000000002
2024-10-27 00:00:00,2733.443,2740.176,2730.34,2735.815,12801.0,2735.815,2735.974
2024-10-28 00:00:00,2735.783,2745.917,2724.631,2744.427,158773.0,2744.427,2744.5860000000002
2024-10-29 00:00:00,2744.379,2775.399,2743.203,2774.915,180513.0,2774.915,2775.074
2024-10-30 00:00:00,2774.943,2790.075,2770.83,2785.49,176108.0,2785.49,2785.649
2024-10-31 00:00:00,2785.489,2790.067,2731.515,2746.691,197577.0,2746.691,2746.85
2024-11-01 00:00:00,2746.672,2762.275,2733.128,2736.69,186453.0,2736.69,2736.849
2024-11-03 00:00:00,2732.846,2740.334,2732.568,2738.352,5441.0,2738.352,2738.511
2024-11-04 00:00:00,2738.379,2748.215,2731.742,2736.003,162091.0,2736.003,2736.1620000000003
2024-11-05 00:00:00,2736.057,2749.96,2724.694,2745.707,157396.0,2745.707,2745.866
2024-11-06 00:00:00,2745.681,2749.681,2652.335,2664.048,373346.0,2664.048,2664.207
2024-11-07 00:00:00,2664.035,2710.36,2643.208,2706.866,239602.0,2706.866,2707.025
2024-11-08 00:00:00,2706.87,2710.418,2680.286,2684.758,201005.0,2684.758,2684.917
2024-11-10 00:00:00,2683.161,2685.65,2681.526,2685.605,3705.0,2685.605,2685.764
2024-11-11 00:00:00,2685.638,2686.141,2610.53,2624.038,210718.0,2624.038,2624.197
2024-11-12 00:00:00,2624.025,2627.16,2589.596,2598.955,233995.0,2598.955,2599.114
2024-11-13 00:00:00,2599.011,2618.841,2569.222,2570.989,226962.0,2570.989,2571.148
2024-11-14 00:00:00,2571.012,2577.44,2536.747,2566.899,243347.0,2566.899,2567.058
2024-11-15 00:00:00,2566.888,2576.067,2554.392,2562.969,203014.0,2562.969,2563.128
2024-11-17 00:00:00,2568.027,2575.523,2568.027,2571.477,5706.0,2571.477,2571.636
2024-11-18 00:00:00,2571.415,2615.113,2569.866,2612.704,190751.0,2612.704,2612.8630000000003
2024-11-19 00:00:00,2612.731,2639.473,2611.056,2635.166,199557.0,2635.166,2635.3250000000003
2024-11-20 00:00:00,2635.153,2655.433,2618.833,2652.124,172891.0,2652.124,2652.283
2024-11-21 00:00:00,2652.153,2673.522,2650.319,2669.159,179753.0,2669.159,2669.318
2024-11-22 00:00:00,2669.127,2715.658,2668.844,2715.573,214337.0,2715.573,2715.732
2024-11-24 00:00:00,2711.186,2721.437,2710.748,2719.756,8448.0,2719.756,2719.915
2024-11-25 00:00:00,2719.73,2720.143,2605.112,2610.46,324815.0,2610.46,2610.619
2024-11-26 00:00:00,2610.524,2641.993,2608.477,2632.254,231878.0,2632.254,2632.413
2024-11-27 00:00:00,2632.252,2658.19,2627.017,2637.168,182405.0,2637.168,2637.327
2024-11-28 00:00:00,2637.063,2649.674,2620.844,2638.769,122278.0,2638.769,2638.928
2024-11-29 00:00:00,2638.726,2666.383,2633.969,2655.23,154319.0,2655.23,2655.389
2024-12-01 00:00:00,2649.036,2650.324,2643.053,2645.659,5611.0,2645.659,2645.818
2024-12-02 00:00:00,2645.756,2651.794,2621.818,2642.211,226540.0,2642.211,2642.37
2024-12-03 00:00:00,2642.223,2655.665,2634.033,2642.721,183287.0,2642.721,2642.88
2024-12-04 00:00:00,2642.725,2657.147,2632.33,2650.397,188295.0,2650.397,2650.556
2024-12-05 00:00:00,2650.404,2655.518,2623.444,2633.713,173676.0,2633.713,2633.8720000000003
2024-12-06 00:00:00,2633.721,2645.733,2612.931,2632.88,205014.0,2632.88,2633.039
2024-12-08 00:00:00,2642.961,2648.547,2636.316,2640.064,8037.0,2640.064,2640.223
2024-12-09 00:00:00,2640.064,2676.431,2627.461,2660.449,196972.0,2660.449,2660.608
2024-12-10 00:00:00,2660.489,2698.332,2657.958,2695.991,180796.0,2695.991,2696.15
2024-12-11 00:00:00,2695.91,2721.058,2675.566,2719.922,185263.0,2719.922,2720.067
2024-12-12 00:00:00,2719.984,2726.206,2675.078,2680.623,73771.0,2680.623,2680.782
2024-12-13 00:00:00,2680.617,2692.778,2646.046,2648.392,70311.0,2648.392,2648.551
2024-12-15 00:00:00,2649.414,2653.127,2648.793,2651.479,1927.0,2651.479,2651.638
2024-12-16 00:00:00,2651.484,2664.447,2643.506,2651.744,118388.0,2651.744,2651.824
2024-12-17 00:00:00,2651.762,2658.625,2632.966,2647.378,161481.0,2647.378,2647.5370000000003
2024-12-18 00:00:00,2647.365,2651.737,2583.393,2588.225,184673.0,2588.225,2588.384
2024-12-19 00:00:00,2588.256,2626.43,2586.951,2593.519,208917.0,2593.519,2593.678
2024-12-20 00:00:00,2593.496,2631.875,2589.593,2622.643,178746.0,2622.643,2622.707
2024-12-22 00:00:00,2623.329,2624.915,2621.733,2624.293,1850.0,2624.293,2624.452
2024-12-23 00:00:00,2624.399,2633.25,2608.079,2615.492,123970.0,2615.492,2615.556
2024-12-24 00:00:00,2615.546,2621.472,2610.007,2616.713,100946.0,2616.713,2616.8720000000003
2024-12-25 00:00:00,2615.621,2620.115,2615.371,2618.656,2412.0,2618.656,2618.816
2024-12-26 00:00:00,2618.647,2639.177,2618.613,2632.684,118102.0,2632.684,2632.8430000000003
2024-12-27 00:00:00,2632.689,2638.314,2611.579,2621.623,135591.0,2621.623,2621.782
2024-12-29 00:00:00,2621.977,2626.159,2621.632,2624.035,4007.0,2624.035,2624.194
2024-12-30 00:00:00,2624.08,2628.138,2596.074,2606.677,141342.0,2606.677,2606.8360000000002
2024-12-31 00:00:00,2606.717,2627.541,2602.591,2624.381,122322.0,2624.381,2624.54
2025-01-01 00:00:00,2625.179,2625.839,2621.647,2623.766,3108.0,2623.766,2623.925
2025-01-02 00:00:00,2623.798,2660.463,2622.72,2658.327,161291.0,2658.327,2658.4860000000003
2025-01-03 00:00:00,2658.328,2665.253,2636.618,2640.37,133568.0,2640.37,2640.529
2025-01-05 00:00:00,2639.644,2642.379,2639.644,2641.063,3244.0,2641.063,2641.223
2025-01-06 00:00:00,2641.098,2649.473,2614.436,2634.681,194653.0,2634.681,2634.84
2025-01-07 00:00:00,2634.636,2664.264,2632.927,2649.807,170932.0,2649.807,2649.966
2025-01-08 00:00:00,2649.817,2670.053,2645.202,2662.507,162452.0,2662.507,2662.666
2025-01-09 00:00:00,2662.526,2678.351,2655.437,2669.952,136010.0,2669.952,2670.1110000000003
2025-01-10 00:00:00,2669.972,2698.026,2663.99,2689.551,273968.0,2689.551,2689.71
2025-01-12 00:00:00,2689.769,2691.375,2687.575,2691.105,5107.0,2691.105,2691.264
2025-01-13 00:00:00,2691.128,2693.356,2656.768,2668.058,263732.0,2668.058,2668.217
2025-01-14 00:00:00,2667.97,2678.294,2659.773,2675.589,201689.0,2675.589,2675.748
2025-01-15 00:00:00,2675.58,2697.97,2669.382,2694.965,219198.0,2694.965,2695.1240000000003
2025-01-16 00:00:00,2694.983,2724.714,2689.907,2714.578,245243.0,2714.578,2714.737
2025-01-17 00:00:00,2714.623,2717.34,2699.242,2702.879,165297.0,2702.879,2703.038
2025-01-19 00:00:00,2702.629,2703.083,2691.55,2696.424,4775.0,2696.424,2696.583
2025-01-20 00:00:00,2696.424,2713.77,2689.367,2710.445,143590.0,2710.445,2710.6040000000003
2025-01-21 00:00:00,2710.433,2745.963,2702.805,2744.259,169542.0,2744.259,2744.418
2025-01-22 00:00:00,2744.309,2763.43,2742.713,2755.583,221097.0,2755.583,2755.742
2025-01-23 00:00:00,2755.564,2758.962,2735.77,2754.543,235033.0,2754.543,2754.702
2025-01-24 00:00:00,2754.546,2786.013,2754.338,2771.079,222215.0,2771.079,2771.2380000000003
2025-01-26 00:00:00,2765.65,2769.721,2765.185,2767.553,8224.0,2767.553,2767.712
2025-01-27 00:00:00,2767.554,2772.571,2730.452,2741.71,279601.0,2741.71,2741.869
2025-01-28 00:00:00,2741.743,2765.052,2734.762,2762.702,205288.0,2762.702,2762.8610000000003
2025-01-29 00:00:00,2762.7,2766.271,2744.729,2760.303,226731.0,2760.303,2760.462
2025-01-30 00:00:00,2760.243,2798.476,2758.633,2796.146,234687.0,2796.146,2796.3050000000003
2025-01-31 00:00:00,2796.183,2817.244,2791.0,2799.348,294552.0,2799.348,2799.507
2025-02-02 00:00:00,2801.018,2804.653,2784.367,2793.709,36959.0,2793.709,2793.868
2025-02-03 00:00:00,2793.726,2830.604,2772.115,2814.023,393245.0,2814.023,2814.1820000000002
2025-02-04 00:00:00,2813.985,2845.504,2807.172,2841.206,313091.0,2841.206,2841.3650000000002
2025-02-05 00:00:00,2841.26,2882.425,2839.698,2869.279,291143.0,2869.279,2869.438
2025-02-06 00:00:00,2869.272,2873.32,2834.056,2858.0,291048.0,2858.0,2858.159
2025-02-07 00:00:00,2857.994,2886.747,2852.393,2861.006,274179.0,2861.006,2861.165
2025-02-09 00:00:00,2861.269,2870.59,2860.092,2867.495,7930.0,2867.495,2867.654
2025-02-10 00:00:00,2867.539,2921.675,2865.83,2917.847,259382.0,2917.847,2918.0060000000003
2025-02-11 00:00:00,2917.894,2942.682,2881.733,2898.536,361172.0,2898.536,2898.695
2025-02-12 00:00:00,2898.562,2909.267,2864.107,2905.781,269825.0,2905.781,2905.94
2025-02-13 00:00:00,2905.756,2932.484,2901.454,2931.217,228155.0,2931.217,2931.376
2025-02-14 00:00:00,2931.192,2940.005,2876.991,2882.772,290324.0,2882.772,2882.931
2025-02-16 00:00:00,2893.643,2894.031,2878.43,2879.221,16153.0,2879.221,2879.38
2025-02-17 00:00:00,2879.254,2906.488,2879.254,2899.373,177587.0,2899.373,2899.532
2025-02-18 00:00:00,2899.325,2936.994,2892.003,2934.061,170603.0,2934.061,2934.2200000000003
2025-02-19 00:00:00,2934.059,2947.041,2918.591,2935.384,200762.0,2935.384,2935.543
2025-02-20 00:00:00,2935.386,2954.975,2924.123,2941.53,198892.0,2941.53,2941.6890000000003
2025-02-21 00:00:00,2941.57,2949.759,2916.682,2936.453,205628.0,2936.453,2936.612
2025-02-23 00:00:00,2939.411,2940.553,2936.426,2936.867,6023.0,2936.867,2937.0260000000003
2025-02-24 00:00:00,2936.863,2956.199,2921.316,2949.996,210105.0,2949.996,2950.155
2025-02-25 00:00:00,2949.957,2952.552,2888.229,2918.604,244900.0,2918.604,2918.763
2025-02-26 00:00:00,2918.637,2930.141,2890.669,2919.118,192458.0,2919.118,2919.277
2025-02-27 00:00:00,2919.176,2919.176,2867.74,2876.063,266046.0,2876.063,2876.222
2025-02-28 00:00:00,2876.069,2885.034,2832.578,2858.314,244465.0,2858.314,2858.473
2025-03-02 00:00:00,2873.556,2876.984,2864.016,2870.799,14057.0,2870.799,2870.958
2025-03-03 00:00:00,2870.866,2895.267,2858.83,2890.886,205576.0,2890.886,2891.045
2025-03-04 00:00:00,2890.863,2927.891,2881.944,2914.363,223089.0,2914.363,2914.522
2025-03-05 00:00:00,2914.36,2930.042,2894.294,2918.236,264830.0,2918.236,2918.395
2025-03-06 00:00:00,2918.237,2926.584,2891.159,2910.359,233061.0,2910.359,2910.518
2025-03-07 00:00:00,2910.292,2930.525,2896.597,2911.256,272893.0,2911.256,2911.415
2025-03-09 00:00:00,2912.347,2917.051,2909.626,2916.187,10308.0,2916.187,2916.346
2025-03-10 00:00:00,2916.19,2918.312,2880.192,2884.685,259750.0,2884.685,2884.844
2025-03-11 00:00:00,2884.724,2922.232,2880.093,2915.551,191215.0,2915.551,2915.71
2025-03-12 00:00:00,2915.589,2940.574,2905.97,2938.039,202073.0,2938.039,2938.1980000000003
2025-03-13 00:00:00,2938.025,2989.943,2932.895,2986.435,208033.0,2986.435,2986.594
2025-03-14 00:00:00,2986.473,3004.92,2978.396,2986.37,200413.0,2986.37,2986.529
2025-03-16 00:00:00,2987.601,2994.118,2986.054,2990.061,7875.0,2990.061,2990.2200000000003
2025-03-17 00:00:00,2989.965,3002.8,2982.158,2999.831,149674.0,2999.831,2999.9900000000002
2025-03-18 00:00:00,2999.803,3038.334,2999.49,3031.774,178353.0,3031.774,3031.933
2025-03-19 00:00:00,3031.801,3051.945,3022.738,3050.026,176825.0,3050.026,3050.185
2025-03-20 00:00:00,3050.023,3057.484,3025.619,3046.409,193361.0,3046.409,3046.568
2025-03-21 00:00:00,3046.335,3047.435,2999.411,3023.493,193662.0,3023.493,3023.652
2025-03-23 00:00:00,3023.441,3026.293,3022.143,3024.721,6799.0,3024.721,3024.88
2025-03-24 00:00:00,3024.709,3033.208,3002.438,3009.91,176546.0,3009.91,3010.069
2025-03-25 00:00:00,3009.945,3035.942,3007.492,3021.041,148196.0,3021.041,3021.2000000000003
2025-03-26 00:00:00,3021.037,3032.042,3012.325,3021.623,154217.0,3021.623,3021.782
2025-03-27 00:00:00,3021.563,3059.819,3021.522,3055.71,209041.0,3055.71,3055.869
2025-03-28 00:00:00,3055.726,3086.803,3054.998,3085.002,213920.0,3085.002,3085.161
2025-03-30 00:00:00,3092.531,3097.884,3087.793,3089.213,13269.0,3089.213,3089.3720000000003
2025-03-31 00:00:00,3089.159,3128.165,3076.834,3120.581,276709.0,3120.581,3120.7400000000002
2025-04-01 00:00:00,3120.576,3149.03,3100.761,3115.168,272539.0,3115.168,3115.327
2025-04-02 00:00:00,3115.16,3167.792,3104.723,3162.709,319630.0,3162.709,3162.868
2025-04-03 00:00:00,3162.602,3164.812,3054.052,3112.884,498345.0,3112.884,3113.043
2025-04-04 00:00:00,3112.908,3136.756,3015.556,3038.506,516410.0,3038.506,3038.665
2025-04-06 00:00:00,3028.686,3032.445,2977.024,2999.944,46332.0,2999.944,3000.103
2025-04-07 00:00:00,2999.954,3055.804,2956.37,2981.328,684922.0,2981.328,2981.487
2025-04-08 00:00:00,2981.363,3022.746,2969.978,2978.321,332998.0,2978.321,2978.48
2025-04-09 00:00:00,2978.367,3099.689,2972.477,3086.784,457935.0,3086.784,3086.943
2025-04-10 00:00:00,3086.745,3191.324,3078.417,3188.972,358882.0,3188.972,3189.1310000000003
2025-04-11 00:00:00,3188.993,3245.436,3184.855,3237.519,383617.0,3237.519,3237.678
2025-04-13 00:00:00,3220.46,3224.786,3213.589,3223.733,19689.0,3223.733,3223.8920000000003
2025-04-14 00:00:00,3223.699,3245.757,3193.552,3212.626,264800.0,3212.626,3212.7850000000003
2025-04-15 00:00:00,3212.601,3251.788,3209.977,3251.78,184876.0,3251.78,3251.9390000000003
2025-04-16 00:00:00,3251.804,3357.779,3251.59,3350.133,295474.0,3350.133,3350.292
2025-04-17 00:00:00,3350.168,3356.281,3283.822,3327.671,308973.0,3327.671,3327.83
2025-04-20 00:00:00,3331.849,3353.102,3331.315,3348.078,23727.0,3348.078,3348.237
2025-04-21 00:00:00,3348.119,3444.267,3347.487,3434.548,296474.0,3434.548,3434.707
2025-04-22 00:00:00,3434.524,3500.094,3315.828,3336.561,547421.0,3336.561,3336.7200000000003
2025-04-23 00:00:00,3336.535,3386.661,3260.042,3316.383,494875.0,3316.383,3316.542
2025-04-24 00:00:00,3316.351,3370.789,3306.739,3348.976,350510.0,3348.976,3349.135
2025-04-25 00:00:00,3348.951,3363.157,3265.063,3318.798,321226.0,3318.798,3318.957
2025-04-27 00:00:00,3325.64,3330.215,3298.606,3302.739,25711.0,3302.739,3302.898
2025-04-28 00:00:00,3302.791,3352.993,3268.077,3337.682,306656.0,3337.682,3337.841
2025-04-29 00:00:00,3337.643,3340.035,3299.649,3317.122,257400.0,3317.122,3317.281
2025-04-30 00:00:00,3317.122,3327.982,3266.901,3272.887,297867.0,3272.887,3273.0460000000003
2025-05-01 00:00:00,3272.922,3276.326,3201.862,3237.253,318777.0,3237.253,3237.4120000000003
2025-05-02 00:00:00,3237.291,3269.242,3222.721,3240.947,280535.0,3240.947,3241.106
2025-05-04 00:00:00,3238.49,3252.3,3237.494,3247.931,17244.0,3247.931,3248.09
2025-05-05 00:00:00,3247.986,3338.019,3241.18,3334.031,263317.0,3334.031,3334.19
2025-05-06 00:00:00,3334.038,3435.016,3323.211,3400.68,375909.0,3400.68,3400.839
2025-05-07 00:00:00,3400.723,3401.666,3360.068,3376.488,356943.0,3376.488,3376.647
2025-05-08 00:00:00,3376.515,3414.851,3288.697,3316.412,386953.0,3316.412,3316.571
2025-05-09 00:00:00,3316.448,3347.556,3274.676,3326.805,270093.0,3326.805,3326.964
2025-05-11 00:00:00,3282.255,3292.619,3265.847,3287.534,32363.0,3287.534,3287.693
2025-05-12 00:00:00,3287.506,3289.998,3207.693,3236.88,398350.0,3236.88,3237.039
2025-05-13 00:00:00,3236.906,3265.659,3215.87,3254.414,262850.0,3254.414,3254.5730000000003
2025-05-14 00:00:00,3254.388,3254.646,3167.97,3186.128,312086.0,3186.128,3186.2870000000003
2025-05-15 00:00:00,3186.011,3252.105,3120.681,3237.15,310831.0,3237.15,3237.309
2025-05-16 00:00:00,3237.175,3244.615,3154.289,3202.214,313131.0,3202.214,3202.373
2025-05-18 00:00:00,3214.226,3245.227,3211.674,3234.91,28665.0,3234.91,3235.069
2025-05-19 00:00:00,3234.947,3249.812,3206.584,3222.532,266959.0,3222.532,3222.6910000000003
2025-05-20 00:00:00,3222.561,3304.112,3204.521,3290.695,274689.0,3290.695,3290.8540000000003
2025-05-21 00:00:00,3290.734,3324.897,3285.42,3320.085,284285.0,3320.085,3320.244
2025-05-22 00:00:00,3320.121,3345.472,3279.252,3300.146,302849.0,3300.146,3300.3050000000003
2025-05-23 00:00:00,3300.172,3365.925,3286.972,3356.306,303458.0,3356.306,3356.465
2025-05-25 00:00:00,3352.095,3352.48,3341.363,3342.713,22939.0,3342.713,3342.8720000000003
2025-05-26 00:00:00,3342.691,3356.859,3323.511,3346.139,165193.0,3346.139,3346.2980000000002
2025-05-27 00:00:00,3346.182,3350.029,3285.089,3309.411,249370.0,3309.411,3309.57
2025-05-28 00:00:00,3309.431,3325.507,3250.232,3259.895,245300.0,3259.895,3260.054
2025-05-29 00:00:00,3259.921,3331.225,3245.432,3315.503,268437.0,3315.503,3315.6620000000003
2025-05-30 00:00:00,3315.498,3322.745,3271.526,3289.665,264400.0,3289.665,3289.824
2025-06-01 00:00:00,3303.113,3316.742,3299.873,3310.255,16999.0,3310.255,3310.414
2025-06-02 00:00:00,3310.213,3392.238,3301.452,3387.456,234603.0,3387.456,3387.6150000000002
2025-06-03 00:00:00,3387.407,3388.671,3333.053,3359.996,224937.0,3359.996,3360.155
2025-06-04 00:00:00,3359.943,3384.637,3343.732,3378.042,217983.0,3378.042,3378.201
2025-06-05 00:00:00,3378.099,3403.592,3339.37,3361.81,319027.0,3361.81,3361.969
2025-06-06 00:00:00,3361.867,3375.685,3307.053,3311.702,266604.0,3311.702,3311.8610000000003
2025-06-08 00:00:00,3317.818,3321.217,3309.24,3318.038,14520.0,3318.038,3318.197
2025-06-09 00:00:00,3318.082,3338.24,3293.428,3326.766,200114.0,3326.766,3326.925
2025-06-10 00:00:00,3326.809,3349.153,3301.917,3327.862,228346.0,3327.862,3328.021
2025-06-11 00:00:00,3327.936,3373.534,3319.245,3365.376,271148.0,3365.376,3365.5350000000003
2025-06-12 00:00:00,3365.4,3399.02,3338.57,3395.882,279821.0,3395.882,3396.042
2025-06-13 00:00:00,3395.837,3446.819,3391.759,3433.449,340949.0,3433.449,3433.609
2025-06-15 00:00:00,3440.955,3451.252,3438.591,3444.141,24939.0,3444.141,3444.301
2025-06-16 00:00:00,3444.166,3451.237,3382.735,3402.769,275599.0,3402.769,3402.9289999999996
2025-06-17 00:00:00,3402.815,3403.269,3366.079,3387.369,267257.0,3387.369,3387.529
2025-06-18 00:00:00,3387.295,3400.011,3362.474,3375.023,245285.0,3375.023,3375.183
2025-06-19 00:00:00,3375.042,3387.941,3347.503,3368.739,184534.0,3368.739,3368.899
2025-06-20 00:00:00,3368.763,3374.477,3340.345,3368.546,185599.0,3368.546,3368.7059999999997
2025-06-22 00:00:00,3384.117,3388.96,3371.197,3372.755,26325.0,3372.755,3372.915
2025-06-23 00:00:00,3372.776,3393.565,3341.446,3344.235,254925.0,3344.235,3344.395
2025-06-24 00:00:00,3344.27,3357.912,3295.397,3324.142,255984.0,3324.142,3324.3019999999997
2025-06-25 00:00:00,3324.139,3340.194,3311.894,3339.028,159654.0,3339.028,3339.1879999999996
2025-06-26 00:00:00,3338.987,3350.37,3309.947,3318.758,197675.0,3318.758,3318.9179999999997
2025-06-27 00:00:00,3318.788,3322.068,3255.836,3274.598,241661.0,3274.598,3274.758
2025-06-29 00:00:00,3272.488,3274.234,3247.921,3263.806,27906.0,3263.806,3263.966
2025-06-30 00:00:00,3263.775,3314.602,3259.456,3312.441,184948.0,3312.441,3312.6009999999997
2025-07-01 00:00:00,3312.493,3358.015,3309.899,3338.152,187548.0,3338.152,3338.312
2025-07-02 00:00:00,3338.186,3365.748,3327.563,3349.395,176169.0,3349.395,3349.555
2025-07-03 00:00:00,3349.42,3363.677,3311.535,3330.871,180193.0,3330.871,3331.031
2025-07-04 00:00:00,3330.875,3345.098,3325.869,3335.07,96936.0,3335.07,3335.23
2025-07-06 00:00:00,3341.408,3341.924,3326.187,3328.853,12001.0,3328.853,3329.013
2025-07-07 00:00:00,3328.83,3345.827,3296.296,3334.653,206382.0,3334.653,3334.8129999999996
2025-07-08 00:00:00,3334.697,3339.5,3287.069,3302.277,195816.0,3302.277,3302.437
2025-07-09 00:00:00,3302.365,3321.176,3282.626,3317.639,179020.0,3317.639,3317.799
2025-07-10 00:00:00,3317.559,3330.337,3310.064,3323.808,159172.0,3323.808,3323.968
2025-07-11 00:00:00,3323.764,3368.749,3323.637,3355.105,187015.0,3355.105,3355.265
2025-07-13 00:00:00,3361.295,3374.044,3359.658,3367.772,17898.0,3367.772,3367.932
2025-07-14 00:00:00,3367.731,3375.078,3340.954,3345.337,170087.0,3345.337,3345.497
2025-07-15 00:00:00,3345.299,3366.356,3320.218,3331.056,176961.0,3331.056,3331.216
2025-07-16 00:00:00,3331.092,3377.55,3319.529,3346.526,240482.0,3346.526,3346.6859999999997
2025-07-17 00:00:00,3346.556,3347.405,3309.883,3340.139,165114.0,3340.139,3340.299
2025-07-18 00:00:00,3340.176,3361.273,3331.762,3350.395,137686.0,3350.395,3350.555
2025-07-20 00:00:00,3348.695,3350.115,3345.01,3349.122,7808.0,3349.122,3349.2819999999997
2025-07-21 00:00:00,3349.168,3402.783,3347.624,3396.532,159136.0,3396.532,3396.692
2025-07-22 00:00:00,3396.54,3433.507,3383.24,3427.458,182182.0,3427.458,3427.618
2025-07-23 00:00:00,3427.433,3438.98,3381.375,3390.008,207615.0,3390.008,3390.1679999999997
2025-07-24 00:00:00,3390.048,3393.438,3351.315,3369.419,177231.0,3369.419,3369.5789999999997
2025-07-25 00:00:00,3369.422,3373.578,3324.928,3336.869,151347.0,3336.869,3337.029
2025-07-27 00:00:00,3329.144,3337.465,3323.792,3333.683,15947.0,3333.683,3333.843
2025-07-28 00:00:00,3333.675,3345.351,3301.777,3312.468,173241.0,3312.468,3312.6279999999997
2025-07-29 00:00:00,3312.485,3334.142,3307.843,3327.537,172242.0,3327.537,3327.6969999999997
2025-07-30 00:00:00,3327.544,3334.052,3268.034,3285.303,217647.0,3285.303,3285.4629999999997
2025-07-31 00:00:00,3285.257,3314.812,3282.802,3288.651,190302.0,3288.651,3288.8109999999997
2025-08-01 00:00:00,3288.607,3363.566,3281.59,3363.119,223418.0,3363.119,3363.279
2025-08-03 00:00:00,3364.339,3364.568,3354.526,3361.957,12423.0,3361.957,3362.1169999999997
2025-08-04 00:00:00,3361.99,3385.348,3345.006,3377.407,153410.0,3377.407,3377.567
2025-08-05 00:00:00,3377.383,3390.409,3349.803,3383.151,149253.0,3383.151,3383.3109999999997
2025-08-06 00:00:00,3383.221,3385.34,3358.091,3370.155,144966.0,3370.155,3370.315
2025-08-07 00:00:00,3370.205,3409.019,3365.192,3400.47,258318.0,3400.47,3400.6299999999997
2025-08-08 00:00:00,3400.432,3404.271,3376.445,3398.564,357790.0,3398.564,3398.7239999999997
2025-08-10 00:00:00,3400.578,3401.819,3390.304,3391.548,14078.0,3391.548,3391.7079999999996
2025-08-11 00:00:00,3391.592,3391.639,3341.273,3349.027,216278.0,3349.027,3349.187
2025-08-12 00:00:00,3349.006,3359.254,3331.08,3350.57,206978.0,3350.57,3350.73
2025-08-13 00:00:00,3350.58,3370.735,3342.667,3362.702,143392.0,3362.702,3362.862
2025-08-14 00:00:00,3362.748,3374.832,3329.838,3335.551,190558.0,3335.551,3335.711
2025-08-15 00:00:00,3335.58,3348.747,3332.372,3335.213,137546.0,3335.213,3335.373
2025-08-17 00:00:00,3334.569,3335.381,3323.547,3327.082,10046.0,3327.082,3327.2419999999997
2025-08-18 00:00:00,3327.08,3358.418,3326.743,3330.978,131890.0,3330.978,3331.138
2025-08-19 00:00:00,3330.99,3345.328,3312.771,3314.231,143230.0,3314.231,3314.391
2025-08-20 00:00:00,3314.241,3352.092,3311.476,3346.836,133576.0,3346.836,3346.9959999999996
2025-08-21 00:00:00,3346.906,3348.112,3325.151,3338.411,134326.0,3338.411,3338.571
2025-08-22 00:00:00,3338.367,3378.869,3321.45,3372.299,158300.0,3372.299,3372.459
2025-08-24 00:00:00,3368.744,3370.998,3365.862,3368.995,7182.0,3368.995,3369.1549999999997
2025-08-25 00:00:00,3369.08,3376.306,3351.716,3354.821,109249.0,3354.821,3354.9809999999998
2025-08-26 00:00:00,3354.827,3393.583,3351.207,3390.862,161296.0,3390.862,3391.022
2025-08-27 00:00:00,3390.853,3399.502,3373.698,3395.819,132695.0,3395.819,3395.979
2025-08-28 00:00:00,3395.755,3423.131,3384.615,3414.819,139439.0,3414.819,3414.979
2025-08-29 00:00:00,3414.85,3453.924,3404.34,3448.035,138094.0,3448.035,3448.1949999999997
2025-08-31 00:00:00,3445.866,3452.606,3442.459,3447.952,9769.0,3447.952,3448.112
2025-09-01 00:00:00,3447.912,3489.928,3437.028,3479.211,164643.0,3479.211,3479.3709999999996
2025-09-02 00:00:00,3479.124,3540.122,3470.194,3529.995,246923.0,3529.995,3530.1549999999997
2025-09-03 00:00:00,3530.082,3578.427,3526.807,3560.292,236342.0,3560.292,3560.4519999999998
2025-09-04 00:00:00,3560.341,3563.473,3511.172,3552.549,233765.0,3552.549,3552.709
2025-09-05 00:00:00,3552.532,3600.076,3544.721,3586.597,237809.0,3586.597,3586.757
2025-09-07 00:00:00,3591.856,3596.716,3587.112,3591.151,23694.0,3591.151,3591.3109999999997
2025-09-08 00:00:00,3591.11,3646.323,3579.548,3634.957,216071.0,3634.957,3635.1169999999997
2025-09-09 00:00:00,3635.023,3674.544,3623.12,3633.568,271044.0,3633.568,3633.728
2025-09-10 00:00:00,3633.543,3657.622,3620.18,3644.843,193604.0,3644.843,3645.0029999999997
2025-09-11 00:00:00,3644.908,3649.162,3613.102,3631.842,208763.0,3631.842,3632.002
2025-09-12 00:00:00,3631.81,3656.62,3630.526,3643.484,160623.0,3643.484,3643.644
2025-09-14 00:00:00,3644.61,3645.996,3636.772,3638.241,7091.0,3638.241,3638.401
2025-09-15 00:00:00,3638.237,3685.623,3626.541,3676.961,172702.0,3676.961,3677.1209999999996
2025-09-16 00:00:00,3676.932,3703.11,3674.713,3694.245,180191.0,3694.245,3694.4049999999997
2025-09-17 00:00:00,3694.244,3707.519,3646.066,3669.169,284309.0,3669.169,3669.3289999999997
2025-09-18 00:00:00,3669.135,3673.05,3627.744,3640.239,243119.0,3640.239,3640.399
2025-09-19 00:00:00,3640.242,3685.203,3632.204,3684.861,189605.0,3684.861,3685.0209999999997
2025-09-21 00:00:00,3687.969,3692.274,3683.776,3686.253,11987.0,3686.253,3686.413
2025-09-22 00:00:00,3686.263,3749.254,3685.466,3747.763,221341.0,3747.763,3747.923
2025-09-23 00:00:00,3747.797,3791.089,3736.722,3763.783,278885.0,3763.783,3763.9429999999998
2025-09-24 00:00:00,3763.822,3779.207,3717.427,3742.92,232582.0,3742.92,3743.08
2025-09-25 00:00:00,3742.984,3761.673,3721.907,3744.717,284149.0,3744.717,3744.877
2025-09-26 00:00:00,3744.676,3783.85,3734.464,3761.041,235032.0,3761.041,3761.201
2025-09-28 00:00:00,3764.718,3772.5,3763.347,3766.899,12946.0,3766.899,3767.0589999999997
2025-09-29 00:00:00,3766.858,3834.0,3763.91,3832.835,317884.0,3832.835,3832.995
2025-09-30 00:00:00,3832.89,3871.7,3793.103,3862.927,357764.0,3862.927,3863.087
2025-10-01 00:00:00,3862.94,3895.366,3853.334,3863.518,322449.0,3863.518,3863.678
2025-10-02 00:00:00,3863.475,3897.154,3819.32,3862.41,314267.0,3862.41,3862.5699999999997
2025-10-03 00:00:00,3862.365,3891.599,3837.995,3887.045,266740.0,3887.045,3887.205
2025-10-05 00:00:00,3888.624,3920.986,3884.034,3909.45,35165.0,3909.45,3909.6099999999997
2025-10-06 00:00:00,3909.487,3976.198,3898.961,3969.514,377817.0,3969.514,3969.674
2025-10-07 00:00:00,3969.552,3995.902,3940.82,3994.411,347505.0,3994.411,3994.571
2025-10-08 00:00:00,3994.367,4059.321,3984.478,4011.707,367909.0,4011.707,4011.8669999999997
2025-10-09 00:00:00,4011.706,4057.972,3944.571,3989.932,549550.0,3989.932,3990.0919999999996
2025-10-10 00:00:00,3989.927,4022.795,3946.875,4010.399,516872.0,4010.399,4010.5589999999997
2025-10-12 00:00:00,4014.463,4060.234,4008.645,4035.147,49571.0,4035.147,4035.307
2025-10-13 00:00:00,4035.195,4132.094,4024.3,4128.045,408425.0,4128.045,4128.205
2025-10-14 00:00:00,4128.091,4179.744,4090.603,4161.613,642966.0,4161.613,4161.773
2025-10-15 00:00:00,4161.574,4218.249,4153.843,4209.458,457957.0,4209.458,4209.6179999999995
2025-10-16 00:00:00,4209.491,4380.074,4203.508,4365.805,423377.0,4365.805,4365.965
2025-10-17 00:00:00,4365.763,4378.581,4186.194,4250.936,982735.0,4250.936,4251.096
2025-10-19 00:00:00,4264.629,4268.325,4233.246,4237.893,40866.0,4237.893,4238.053
2025-10-20 00:00:00,4237.865,4381.547,4218.948,4360.492,587401.0,4360.492,4360.652
2025-10-21 00:00:00,4360.442,4372.27,4080.817,4093.138,904884.0,4093.138,4093.298
2025-10-22 00:00:00,4093.182,4161.36,4004.185,4087.698,1005168.0,4087.698,4087.8579999999997
2025-10-23 00:00:00,4087.659,4154.67,4065.957,4121.775,531324.0,4121.775,4121.9349999999995
2025-10-24 00:00:00,4121.8,4144.297,4043.978,4113.082,509820.0,4113.082,4113.242
2025-10-26 00:00:00,4083.572,4109.192,4061.912,4064.458,50115.0,4064.458,4064.618
2025-10-27 00:00:00,4064.532,4097.81,3971.348,3998.476,569066.0,3998.476,3998.636
2025-10-28 00:00:00,3998.379,4019.791,3886.535,3964.835,558607.0,3964.835,3964.995
2025-10-29 00:00:00,3964.855,4030.268,3917.191,3952.807,548554.0,3952.807,3952.9669999999996
2025-10-30 00:00:00,3952.798,4046.398,3915.327,4036.658,538101.0,4036.658,4036.8179999999998
2025-10-31 00:00:00,4036.633,4039.294,3972.406,4001.621,446431.0,4001.621,4001.781
2025-11-02 00:00:00,3990.719,3998.967,3977.946,3980.531,17501.0,3980.531,3980.691
2025-11-03 00:00:00,3980.468,4030.674,3962.306,3997.266,411703.0,3997.266,3997.426
2025-11-04 00:00:00,3997.301,4000.711,3928.81,3934.767,414753.0,3934.767,3934.9269999999997
2025-11-05 00:00:00,3934.793,3990.518,3929.598,3973.671,311958.0,3973.671,3973.8309999999997
2025-11-06 00:00:00,3973.63,4019.609,3964.544,3989.177,302108.0,3989.177,3989.337
2025-11-07 00:00:00,3989.22,4027.603,3984.058,4001.422,298417.0,4001.422,4001.582
2025-11-09 00:00:00,4004.876,4012.265,4004.067,4011.86,11817.0,4011.86,4012.02
2025-11-10 00:00:00,4011.87,4122.689,4011.132,4119.955,319390.0,4119.955,4120.115
2025-11-11 00:00:00,4119.992,4148.812,4097.107,4142.7,303917.0,4142.7,4142.86
2025-11-12 00:00:00,4142.574,4211.788,4098.857,4191.097,399030.0,4191.097,4191.257
2025-11-13 00:00:00,4191.055,4245.297,4145.389,4185.865,500533.0,4185.865,4186.025
2025-11-14 00:00:00,4185.908,4211.571,4032.194,4084.612,568741.0,4084.612,4084.772
2025-11-16 00:00:00,4083.755,4106.784,4071.875,4096.479,22895.0,4096.479,4096.639
2025-11-17 00:00:00,4096.528,4102.073,4006.852,4036.825,494639.0,4036.825,4036.9849999999997
2025-11-18 00:00:00,4036.862,4082.273,3998.037,4076.65,475955.0,4076.65,4076.81
2025-11-19 00:00:00,4076.692,4132.686,4055.572,4104.662,493761.0,4104.662,4104.822
2025-11-20 00:00:00,4104.692,4110.341,4038.725,4079.125,600045.0,4079.125,4079.285
2025-11-21 00:00:00,4079.17,4101.286,4022.288,4066.113,546418.0,4066.113,4066.2729999999997
2025-11-23 00:00:00,4072.469,4077.695,4065.815,4075.117,14625.0,4075.117,4075.277
2025-11-24 00:00:00,4075.148,4144.411,4039.842,4143.81,375430.0,4143.81,4143.97
2025-11-25 00:00:00,4143.802,4159.474,4109.156,4133.73,426966.0,4133.73,4133.889999999999
2025-11-26 00:00:00,4133.75,4173.595,4132.595,4165.012,342619.0,4165.012,4165.172
2025-11-27 00:00:00,4164.965,4167.282,4142.601,4163.431,206723.0,4163.431,4163.590999999999
2025-11-28 00:00:00,4163.371,4226.479,4147.529,4219.161,232223.0,4219.161,4219.321
2025-11-30 00:00:00,4219.976,4225.283,4205.819,4221.933,15624.0,4221.933,4222.093
2025-12-01 00:00:00,4221.906,4264.532,4215.434,4227.7,427403.0,4227.7,4227.86
2025-12-02 00:00:00,4227.704,4230.859,4163.566,4212.876,427163.0,4212.876,4213.036
2025-12-03 00:00:00,4212.913,4241.579,4194.541,4207.165,387213.0,4207.165,4207.325
2025-12-04 00:00:00,4207.102,4219.486,4174.868,4206.079,353008.0,4206.079,4206.239
2025-12-05 00:00:00,4206.077,4259.24,4191.863,4198.522,355904.0,4198.522,4198.682
2025-12-07 00:00:00,4202.426,4208.658,4189.804,4201.389,2184.0,4201.389,4201.549
2025-12-08 00:00:00,4201.433,4218.963,4176.137,4194.735,266873.0,4194.735,4194.8949999999995
2025-12-09 00:00:00,4194.74,4221.526,4170.094,4210.87,334276.0,4210.87,4211.03
2025-12-10 00:00:00,4210.804,4238.735,4181.686,4232.411,368695.0,4232.411,4232.571
2025-12-11 00:00:00,4232.502,4285.959,4204.314,4276.523,582599.0,4276.523,4276.683
2025-12-12 00:00:00,4276.471,4353.57,4256.958,4300.983,505890.0,4300.983,4301.143
2025-12-14 00:00:00,4300.525,4308.446,4299.863,4302.391,9913.0,4302.391,4302.5509999999995
2025-12-15 00:00:00,4302.431,4350.326,4285.18,4304.15,359623.0,4304.15,4304.3099999999995
2025-12-16 00:00:00,4304.128,4335.137,4271.626,4307.86,394056.0,4307.86,4308.0199999999995
2025-12-17 00:00:00,4307.881,4349.297,4306.453,4339.201,389491.0,4339.201,4339.361
2025-12-18 00:00:00,4339.15,4374.645,4308.645,4335.144,415041.0,4335.144,4335.304
2025-12-19 00:00:00,4335.17,4356.559,4309.221,4339.339,309163.0,4339.339,4339.499
2025-12-21 00:00:00,4340.979,4356.441,4339.912,4355.356,7996.0,4355.356,4355.516
2025-12-22 00:00:00,4355.278,4461.823,4355.278,4460.243,301542.0,4460.243,4460.403
2025-12-23 00:00:00,4460.236,4510.371,4430.584,4503.344,369722.0,4503.344,4503.504
2025-12-24 00:00:00,4503.359,4525.967,4448.294,4480.715,347247.0,4480.715,4480.875
2025-12-25 00:00:00,4486.193,4500.024,4484.435,4495.245,9563.0,4495.245,4495.405
2025-12-26 00:00:00,4495.172,4550.199,4492.303,4532.515,414368.0,4532.515,4532.675
2025-12-28 00:00:00,4546.214,4548.5,4523.347,4527.184,25294.0,4527.184,4527.344
2025-12-29 00:00:00,4527.21,4527.995,4302.137,4345.645,685712.0,4345.645,4345.805
2025-12-30 00:00:00,4345.59,4404.231,4324.425,4338.922,464657.0,4338.922,4339.081999999999
2025-12-31 00:00:00,4338.977,4373.45,4274.307,4318.847,442259.0,4318.847,4319.007
2026-01-01 00:00:00,4328.34,4351.549,4327.659,4348.349,8166.0,4348.349,4348.509
2026-01-02 00:00:00,4348.358,4402.455,4309.669,4331.759,382251.0,4331.759,4331.919
2026-01-04 00:00:00,4353.486,4375.948,4349.829,4372.57,15605.0,4372.57,4372.73
2026-01-05 00:00:00,4372.597,4460.29,4370.227,4440.334,450949.0,4440.334,4440.494
2026-01-06 00:00:00,4440.389,4500.541,4427.675,4493.196,379240.0,4493.196,4493.356
2026-01-07 00:00:00,4493.308,4495.916,4423.539,4463.418,434397.0,4463.418,4463.5779999999995
2026-01-08 00:00:00,4463.442,4484.175,4407.58,4475.597,418741.0,4475.597,4475.757
2026-01-09 00:00:00,4475.632,4517.18,4452.819,4509.075,373072.0,4509.075,4509.235
2026-01-11 00:00:00,4517.918,4545.01,4517.918,4539.96,13234.0,4539.96,4540.12
2026-01-12 00:00:00,4540.01,4630.183,4536.272,4599.345,486360.0,4599.345,4599.505
2026-01-13 00:00:00,4599.371,4634.798,4569.306,4597.136,418779.0,4597.136,4597.296
2026-01-14 00:00:00,4597.181,4643.189,4597.14,4615.294,457789.0,4615.294,4615.454
2026-01-15 00:00:00,4615.218,4624.902,4580.995,4610.284,442121.0,4610.284,4610.4439999999995
2026-01-16 00:00:00,4610.243,4620.539,4536.729,4596.588,437188.0,4596.588,4596.748
2026-01-18 00:00:00,4655.358,4690.741,4653.824,4672.573,25458.0,4672.573,4672.733
2026-01-19 00:00:00,4672.63,4682.114,4653.138,4665.406,259557.0,4665.406,4665.566
2026-01-20 00:00:00,4665.371,4781.083,4659.485,4775.878,447687.0,4775.878,4776.038
2026-01-21 00:00:00,4775.829,4888.52,4755.878,4778.37,724116.0,4778.37,4778.53
2026-01-22 00:00:00,4778.317,4960.587,4772.208,4958.972,460122.0,4958.972,4959.132
2026-01-23 00:00:00,4959.011,4989.804,4899.542,4988.337,466318.0,4988.337,4988.497
2026-01-25 00:00:00,5019.847,5040.296,5003.575,5039.789,30631.0,5039.789,5039.949
2026-01-26 00:00:00,5039.821,5111.173,4989.632,5043.629,847403.0,5043.629,5043.789
2026-01-27 00:00:00,5043.588,5190.49,5013.485,5172.433,766759.0,5172.433,5172.593
2026-01-28 00:00:00,5172.389,5570.018,5157.059,5513.022,1049492.0,5513.022,5513.182
2026-01-29 00:00:00,5512.989,5595.324,5094.978,5438.589,1283227.0,5438.589,5438.749
2026-01-30 00:00:00,5438.551,5450.946,4682.526,4891.496,2314295.0,4891.496,4891.656
2026-02-01 00:00:00,4793.519,4819.788,4697.912,4741.06,41049.0,4741.06,4741.22
2026-02-02 00:00:00,4741.422,4884.85,4402.001,4774.148,1430362.0,4774.148,4774.308
2026-02-03 00:00:00,4774.235,4993.644,4745.553,4947.296,745557.0,4947.296,4947.456
2026-02-04 00:00:00,4947.389,5091.855,4852.072,5012.195,566294.0,5012.195,5012.355
2026-02-05 00:00:00,5012.269,5020.484,4703.328,4703.768,827826.0,4703.768,4703.928
2026-02-06 00:00:00,4703.682,4971.501,4655.106,4968.204,469818.0,4968.204,4968.364
2026-02-08 00:00:00,4967.633,5046.837,4964.715,5035.944,13760.0,5035.944,5036.184
2026-02-09 00:00:00,5036.019,5086.697,4969.049,5031.903,310513.0,5031.903,5032.063
2026-02-10 00:00:00,5031.829,5078.513,4998.802,5041.55,293093.0,5041.55,5041.71
2026-02-11 00:00:00,5041.616,5119.173,5018.86,5061.373,283106.0,5061.373,5061.532999999999
2026-02-12 00:00:00,5061.305,5083.708,4878.366,4920.162,387970.0,4920.162,4920.322
2026-02-13 00:00:00,4920.13,5046.101,4913.84,5042.605,295691.0,5042.605,5042.764999999999
2026-02-15 00:00:00,5026.64,5032.317,5010.128,5019.938,9917.0,5019.938,5020.178
2026-02-16 00:00:00,5019.951,5031.476,4964.573,4989.995,142548.0,4989.995,4990.155
2026-02-17 00:00:00,4989.9,4991.544,4841.149,4859.516,317673.0,4859.516,4859.6759999999995
2026-02-18 00:00:00,4859.221,5010.974,4858.455,4976.203,188264.0,4976.203,4976.363
2026-02-19 00:00:00,4975.988,5022.322,4960.45,4987.7,182964.0,4987.7,4987.86
2026-02-20 00:00:00,4987.763,5108.043,4981.605,5105.809,252367.0,5105.809,5105.969
2026-02-22 00:00:00,5111.637,5171.868,5108.785,5165.373,10780.0,5165.373,5165.612999999999
2026-02-23 00:00:00,5165.366,5249.507,5122.1,5235.933,231378.0,5235.933,5236.173
2026-02-24 00:00:00,5235.839,5238.04,5093.319,5146.578,264230.0,5146.578,5146.818
2026-02-25 00:00:00,5146.576,5217.589,5136.459,5163.125,207697.0,5163.125,5163.365
2026-02-26 00:00:00,5163.219,5205.626,5130.47,5184.462,235879.0,5184.462,5184.702
2026-02-27 00:00:00,5184.431,5281.239,5166.793,5279.022,218344.0,5279.022,5279.262
2026-03-01 00:00:00,5319.272,5393.473,5314.681,5386.916,16186.0,5386.916,5387.276
2026-03-02 00:00:00,5386.641,5419.154,5260.224,5345.688,412599.0,5345.688,5346.048
2026-03-03 00:00:00,5345.693,5379.668,4995.788,5125.056,664207.0,5125.056,5125.295999999999
2026-03-04 00:00:00,5125.088,5205.985,5105.855,5164.962,391341.0,5164.962,5165.202
2026-03-05 00:00:00,5164.887,5194.986,5050.681,5086.266,341190.0,5086.266,5086.505999999999
2026-03-06 00:00:00,5086.068,5176.565,5062.475,5174.067,292391.0,5174.067,5174.307
2026-03-08 00:00:00,5178.794,5180.193,5044.18,5075.447,40701.0,5075.447,5075.711
2026-03-09 00:00:00,5075.946,5155.948,5014.44,5139.587,342851.0,5139.587,5139.827
2026-03-10 00:00:00,5139.703,5238.428,5124.549,5196.851,239179.0,5196.851,5197.210999999999
2026-03-11 00:00:00,5196.925,5223.091,5129.704,5134.207,202258.0,5134.207,5134.567
2026-03-12 00:00:00,5134.08,5191.657,5054.751,5098.163,218587.0,5098.163,5098.402999999999
2026-03-13 00:00:00,5098.084,5128.34,5009.525,5020.983,225238.0,5020.983,5021.223
2026-03-15 00:00:00,5017.112,5030.407,4966.796,4997.507,23620.0,4997.507,4997.6669999999995
2026-03-16 00:00:00,4997.434,5038.067,4970.011,5012.813,235632.0,5012.813,5012.973
2026-03-17 00:00:00,5012.899,5044.488,4973.345,5002.75,187432.0,5002.75,5002.95
2026-03-18 00:00:00,5002.803,5016.256,4804.146,4836.869,292049.0,4836.869,4837.0689999999995
2026-03-19 00:00:00,4836.657,4866.892,4502.478,4643.703,605469.0,4643.703,4643.903
2026-03-20 00:00:00,4643.631,4735.901,4477.057,4497.479,732835.0,4497.479,4497.7390000000005
2026-03-22 00:00:00,4477.751,4536.196,4449.511,4464.661,49072.0,4464.661,4464.941
2026-03-23 00:00:00,4464.563,4512.701,4098.462,4441.142,2070414.0,4441.142,4441.402
2026-03-24 00:00:00,4441.045,4551.384,4305.546,4546.757,1134298.0,4546.757,4547.093
2026-03-25 00:00:00,4546.67,4602.483,4486.821,4498.103,710479.0,4498.103,4498.383
2026-03-26 00:00:00,4498.36,4544.519,4350.94,4404.911,932646.0,4404.911,4405.191
2026-03-27 00:00:00,4404.958,4555.421,4375.208,4495.377,505623.0,4495.377,4495.657
2026-03-29 00:00:00,4511.704,4514.009,4443.749,4448.566,33489.0,4448.566,4448.846
2026-03-30 00:00:00,4448.652,4580.712,4418.467,4513.571,445698.0,4513.571,4513.851
2026-03-31 00:00:00,4513.502,4700.038,4482.562,4696.42,476605.0,4696.42,4696.7
2026-04-01 00:00:00,4696.362,4800.207,4667.158,4784.149,373157.0,4784.149,4784.429
2026-04-02 00:00:00,4784.22,4798.774,4553.758,4675.248,605899.0,4675.248,4675.527999999999
2026-04-05 00:00:00,4662.786,4662.786,4605.062,4610.577,30883.0,4610.577,4610.857
2026-04-06 00:00:00,4610.685,4706.668,4600.586,4658.852,305148.0,4658.852,4659.132
2026-04-07 00:00:00,4658.955,4836.27,4607.263,4833.203,506275.0,4833.203,4833.483
2026-04-08 00:00:00,4833.387,4857.481,4699.492,4715.52,398099.0,4715.52,4715.8
2026-04-09 00:00:00,4715.695,4801.202,4698.134,4763.591,298965.0,4763.591,4763.871
2026-04-10 00:00:00,4763.654,4795.104,4730.601,4749.325,239898.0,4749.325,4749.485
2026-04-12 00:00:00,4670.253,4685.152,4644.273,4671.254,23094.0,4671.254,4671.534
2026-04-13 00:00:00,4671.37,4765.881,4664.581,4757.316,285886.0,4757.316,4757.596
2026-04-14 00:00:00,4757.667,4850.546,4751.63,4836.91,234145.0,4836.91,4837.19
2026-04-15 00:00:00,4836.967,4871.356,4786.07,4823.514,242872.0,4823.514,4823.794
2026-04-16 00:00:00,4823.228,4838.319,4772.9,4791.644,228820.0,4791.644,4791.924
2026-04-17 00:00:00,4791.552,4889.686,4767.422,4832.939,255942.0,4832.939,4833.219
2026-04-19 00:00:00,4774.48,4795.301,4736.936,4755.127,23538.0,4755.127,4755.487
2026-04-20 00:00:00,4755.264,4833.049,4744.86,4821.584,245038.0,4821.584,4821.864
2026-04-21 00:00:00,4821.67,4830.532,4668.229,4737.925,328352.0,4737.925,4738.205
2026-04-22 00:00:00,4738.077,4772.356,4723.353,4727.939,201437.0,4727.939,4728.219
2026-04-23 00:00:00,4728.005,4753.764,4664.031,4695.224,334839.0,4695.224,4695.504
2026-04-24 00:00:00,4695.293,4740.168,4657.574,4708.409,244981.0,4708.409,4708.688999999999
2026-04-26 00:00:00,4696.068,4699.827,4674.842,4680.054,11828.0,4680.054,4680.334
2026-04-27 00:00:00,4680.118,4730.124,4667.007,4692.035,198422.0,4692.035,4692.315
2026-04-28 00:00:00,4692.097,4701.388,4554.733,4595.762,285058.0,4595.762,4596.0419999999995
2026-04-29 00:00:00,4595.817,4610.404,4510.084,4561.578,298763.0,4561.578,4561.858
2026-04-30 00:00:00,4561.621,4646.985,4540.739,4626.341,293767.0,4626.341,4626.621
2026-05-01 00:00:00,4626.45,4660.228,4559.759,4613.396,218766.0,4613.396,4613.6759999999995
2026-05-03 00:00:00,4625.982,4629.353,4611.106,4613.721,11696.0,4613.721,4614.000999999999
2026-05-04 00:00:00,4613.93,4618.511,4500.689,4518.881,343329.0,4518.881,4519.161
2026-05-05 00:00:00,4519.024,4595.796,4513.422,4593.801,194809.0,4593.801,4594.081
2026-05-06 00:00:00,4593.737,4722.956,4588.003,4698.864,259395.0,4698.864,4699.143999999999
2026-05-07 00:00:00,4698.962,4764.737,4681.757,4704.064,294124.0,4704.064,4704.344
2026-05-08 00:00:00,4703.996,4749.575,4693.892,4715.164,235195.0,4715.164,4715.4439999999995
2026-05-10 00:00:00,4691.841,4698.608,4678.931,4691.675,12923.0,4691.675,4691.955
2026-05-11 00:00:00,4691.619,4770.005,4648.102,4767.591,255721.0,4767.591,4767.871
2026-05-12 00:00:00,4767.215,4773.652,4637.982,4716.694,280795.0,4716.694,4716.974
2026-05-13 00:00:00,4716.79,4727.045,4669.435,4696.689,217835.0,4696.689,4696.969
2026-05-14 00:00:00,4696.358,4718.881,4644.248,4652.328,254587.0,4652.328,4652.608
2026-05-15 00:00:00,4652.404,4658.18,4511.4,4539.778,376305.0,4539.778,4540.058
2026-05-17 00:00:00,4538.378,4554.778,4531.969,4537.191,19312.0,4537.191,4537.471
2026-05-18 00:00:00,4536.965,4588.977,4480.265,4581.862,405453.0,4581.862,4582.142
2026-05-19 00:00:00,4581.926,4589.369,4464.373,4489.452,330663.0,4489.452,4489.732
2026-05-20 00:00:00,4489.396,4552.953,4453.349,4546.321,356005.0,4546.321,4546.601
2026-05-21 00:00:00,4546.372,4571.018,4488.313,4535.299,341953.0,4535.299,4535.579
2026-05-22 00:00:00,4535.491,4541.25,4491.479,4507.822,241234.0,4507.822,4508.102
2026-05-24 00:00:00,4545.376,4579.984,4543.319,4567.183,15822.0,4567.183,4567.463
2026-05-25 00:00:00,4567.126,4580.336,4550.301,4559.694,157052.0,4559.694,4559.974
2026-05-26 00:00:00,4559.702,4560.242,4482.236,4519.734,243181.0,4519.734,4520.014
2026-05-27 00:00:00,4519.674,4525.694,4401.265,4447.141,283634.0,4447.141,4447.420999999999
2026-05-28 00:00:00,4446.905,4516.501,4366.232,4494.974,311426.0,4494.974,4495.254
2026-05-29 00:00:00,4495.274,4595.189,4491.898,4540.363,253341.0,4540.363,4540.643
